world,mode,seed,declared_horizon,intervention_cycle,n_f,failed,first_failure_cycle,first_failure_signature,same_failure_returned,same_failure_return_cycle,cycles_until_same_failure_returns,correct_decisions_post_handoff,decision_opportunities_post_handoff,post_handoff_decision_accuracy,policy_violations,final_config_accuracy,final_requirement_accuracy,retained_retry_demand,retained_latency_floor,retained_risk_tolerance,retained_memory_horizon,retained_handoff_depth,retained_token_capacity,packet_bytes,packet_tokens,evidence_reads,accepted_handoffs,rejected_handoffs,undecidable_handoffs
stateful_task,continuous_control,9201,320,80,112,1,112,required_state_loss,1,128,16,26,241,0.1078838174,0,0.4166666667,0.0,0,0,0,0,0,0,0,0,0,0,0,0
stateful_task,empty_reset,9201,320,80,80,1,80,configuration_error|required_state_loss,1,208,128,0,241,0.0,11,0.5,0.1666666667,0,0,0,0,0,1,45,17,0,1,0,0
stateful_task,full_history_handoff,9201,320,80,112,1,112,required_state_loss,1,128,16,26,241,0.1078838174,0,0.4166666667,0.0,0,0,0,0,0,0,19868,4356,0,1,0,0
stateful_task,unsigned_minimal_handoff,9201,320,80,160,1,160,required_state_loss,1,176,16,68,241,0.2821576763,0,0.5,0.1666666667,0,0,0,0,0,1,2201,601,0,1,0,0
stateful_task,olp_handoff,9201,320,80,160,1,160,required_state_loss,1,176,16,68,241,0.2821576763,0,0.5,0.1666666667,0,0,0,0,0,1,8484,1839,5,1,0,0
stateful_task,continuous_control,9202,320,80,96,1,96,required_state_loss,1,112,16,10,241,0.0414937759,0,0.4166666667,0.0,0,0,0,0,0,0,0,0,0,0,0,0
stateful_task,empty_reset,9202,320,80,80,1,80,configuration_error|required_state_loss,1,208,128,0,241,0.0,11,0.4166666667,0.0,0,0,0,0,0,0,45,17,0,1,0,0
stateful_task,full_history_handoff,9202,320,80,96,1,96,required_state_loss,1,112,16,10,241,0.0414937759,0,0.4166666667,0.0,0,0,0,0,0,0,19874,4358,0,1,0,0
stateful_task,unsigned_minimal_handoff,9202,320,80,192,1,192,required_state_loss,0,0,0,106,241,0.4398340249,0,0.4166666667,0.0,0,0,0,0,0,0,2199,599,0,1,0,0
stateful_task,olp_handoff,9202,320,80,192,1,192,required_state_loss,0,0,0,106,241,0.4398340249,0,0.4166666667,0.0,0,0,0,0,0,0,8482,1889,5,1,0,0
stateful_task,continuous_control,9203,320,80,128,1,128,required_state_loss,1,144,16,37,241,0.153526971,0,0.6666666667,0.0,0,0,0,0,0,0,0,0,0,0,0,0
stateful_task,empty_reset,9203,320,80,80,1,80,configuration_error|required_state_loss,1,224,144,0,241,0.0,11,0.6666666667,0.0,0,0,0,0,0,0,45,17,0,1,0,0
stateful_task,full_history_handoff,9203,320,80,128,1,128,required_state_loss,1,144,16,37,241,0.153526971,0,0.6666666667,0.0,0,0,0,0,0,0,19879,4361,0,1,0,0
stateful_task,unsigned_minimal_handoff,9203,320,80,192,1,192,required_state_loss,1,208,16,98,241,0.4066390041,0,0.6666666667,0.0,0,0,0,0,0,0,2203,603,0,1,0,0
stateful_task,olp_handoff,9203,320,80,192,1,192,required_state_loss,1,208,16,98,241,0.4066390041,0,0.6666666667,0.0,0,0,0,0,0,0,8486,1879,5,1,0,0
stateful_task,continuous_control,9204,320,80,112,1,112,required_state_loss,0,0,0,29,241,0.1203319502,0,0.3333333333,0.0,0,0,0,0,0,0,0,0,0,0,0,0
stateful_task,empty_reset,9204,320,80,80,1,80,configuration_error|required_state_loss,1,224,144,0,241,0.0,11,0.3333333333,0.1666666667,0,1,0,0,0,0,45,17,0,1,0,0
stateful_task,full_history_handoff,9204,320,80,112,1,112,required_state_loss,0,0,0,29,241,0.1203319502,0,0.3333333333,0.0,0,0,0,0,0,0,19866,4353,0,1,0,0
stateful_task,unsigned_minimal_handoff,9204,320,80,176,1,176,configuration_error|required_state_loss,1,192,16,92,241,0.3817427386,0,0.4166666667,0.1666666667,0,1,0,0,0,0,2195,597,0,1,0,0
stateful_task,olp_handoff,9204,320,80,176,1,176,configuration_error|required_state_loss,1,192,16,92,241,0.3817427386,0,0.4166666667,0.1666666667,0,1,0,0,0,0,8478,1815,5,1,0,0
stateful_task,continuous_control,9205,320,80,112,1,112,required_state_loss,1,128,16,28,241,0.1161825726,0,0.75,0.0,0,0,0,0,0,0,0,0,0,0,0,0
stateful_task,empty_reset,9205,320,80,80,1,80,configuration_error|required_state_loss,0,0,0,0,241,0.0,11,0.75,0.1666666667,1,0,0,0,0,0,45,17,0,1,0,0
stateful_task,full_history_handoff,9205,320,80,112,1,112,required_state_loss,1,128,16,28,241,0.1161825726,0,0.75,0.0,0,0,0,0,0,0,19874,4364,0,1,0,0
stateful_task,unsigned_minimal_handoff,9205,320,80,176,1,176,required_state_loss,1,192,16,95,241,0.3941908714,0,0.75,0.1666666667,1,0,0,0,0,0,2201,603,0,1,0,0
stateful_task,olp_handoff,9205,320,80,176,1,176,required_state_loss,1,192,16,95,241,0.3941908714,0,0.75,0.1666666667,1,0,0,0,0,0,8484,1819,5,1,0,0
stateful_task,continuous_control,9206,320,80,96,1,96,required_state_loss,1,112,16,13,241,0.0539419087,0,0.5833333333,0.1666666667,0,0,0,1,0,0,0,0,0,0,0,0
stateful_task,empty_reset,9206,320,80,80,1,80,configuration_error|required_state_loss,1,240,160,0,241,0.0,11,0.5,0.0,0,0,0,0,0,0,45,17,0,1,0,0
stateful_task,full_history_handoff,9206,320,80,96,1,96,required_state_loss,1,112,16,13,241,0.0539419087,0,0.5833333333,0.1666666667,0,0,0,1,0,0,19865,4344,0,1,0,0
stateful_task,unsigned_minimal_handoff,9206,320,80,160,1,160,required_state_loss,1,176,16,76,241,0.3153526971,0,0.4166666667,0.0,0,0,0,0,0,0,2199,597,0,1,0,0
stateful_task,olp_handoff,9206,320,80,160,1,160,required_state_loss,1,176,16,76,241,0.3153526971,0,0.4166666667,0.0,0,0,0,0,0,0,8482,1833,5,1,0,0
stateful_task,continuous_control,9207,320,80,128,1,128,configuration_error|required_state_loss,1,144,16,37,241,0.153526971,0,0.3333333333,0.1666666667,0,0,1,0,0,0,0,0,0,0,0,0
stateful_task,empty_reset,9207,320,80,80,1,80,configuration_error|required_state_loss,1,224,144,0,241,0.0,11,0.75,0.3333333333,1,1,0,0,0,0,45,17,0,1,0,0
stateful_task,full_history_handoff,9207,320,80,128,1,128,configuration_error|required_state_loss,1,144,16,37,241,0.153526971,0,0.3333333333,0.1666666667,0,0,1,0,0,0,19875,4362,0,1,0,0
stateful_task,unsigned_minimal_handoff,9207,320,80,176,1,176,configuration_error|required_state_loss,1,192,16,89,241,0.3692946058,0,0.5,0.1666666667,0,1,0,0,0,0,2203,601,0,1,0,0
stateful_task,olp_handoff,9207,320,80,176,1,176,configuration_error|required_state_loss,1,192,16,89,241,0.3692946058,0,0.5,0.1666666667,0,1,0,0,0,0,8486,1813,5,1,0,0
stateful_task,continuous_control,9208,320,80,112,1,112,configuration_error|required_state_loss,1,128,16,30,241,0.1244813278,0,0.4166666667,0.1666666667,0,0,0,0,0,1,0,0,0,0,0,0
stateful_task,empty_reset,9208,320,80,80,1,80,configuration_error|required_state_loss,1,192,112,0,241,0.0,11,0.4166666667,0.0,0,0,0,0,0,0,45,17,0,1,0,0
stateful_task,full_history_handoff,9208,320,80,112,1,112,configuration_error|required_state_loss,1,128,16,30,241,0.1244813278,0,0.4166666667,0.1666666667,0,0,0,0,0,1,19880,4359,0,1,0,0
stateful_task,unsigned_minimal_handoff,9208,320,80,160,1,160,configuration_error|required_state_loss,1,176,16,72,241,0.2987551867,0,0.4166666667,0.0,0,0,0,0,0,0,2199,599,0,1,0,0
stateful_task,olp_handoff,9208,320,80,160,1,160,configuration_error|required_state_loss,1,176,16,72,241,0.2987551867,0,0.4166666667,0.0,0,0,0,0,0,0,8482,1839,5,1,0,0
stateful_task,continuous_control,9217,320,80,112,1,112,required_state_loss,1,224,112,26,241,0.1078838174,0,0.75,0.1666666667,0,1,0,0,0,0,0,0,0,0,0,0
stateful_task,empty_reset,9217,320,80,80,1,80,configuration_error|required_state_loss,1,96,16,0,241,0.0,11,0.75,0.0,0,0,0,0,0,0,45,17,0,1,0,0
stateful_task,full_history_handoff,9217,320,80,112,1,112,required_state_loss,1,224,112,26,241,0.1078838174,0,0.75,0.1666666667,0,1,0,0,0,0,19889,4366,0,1,0,0
stateful_task,unsigned_minimal_handoff,9217,320,80,176,1,176,required_state_loss,1,192,16,84,241,0.3485477178,0,0.8333333333,0.3333333333,0,1,0,0,0,1,2201,605,0,1,0,0
stateful_task,olp_handoff,9217,320,80,176,1,176,required_state_loss,1,192,16,84,241,0.3485477178,0,0.8333333333,0.3333333333,0,1,0,0,0,1,8484,1863,5,1,0,0
stateful_task,continuous_control,9218,320,80,96,1,96,required_state_loss,1,112,16,4,241,0.0165975104,0,0.6666666667,0.0,0,0,0,0,0,0,0,0,0,0,0,0
stateful_task,empty_reset,9218,320,80,80,1,80,configuration_error|required_state_loss,1,208,128,0,241,0.0,11,0.6666666667,0.3333333333,0,1,0,1,0,0,45,17,0,1,0,0
stateful_task,full_history_handoff,9218,320,80,96,1,96,required_state_loss,1,112,16,4,241,0.0165975104,0,0.6666666667,0.0,0,0,0,0,0,0,19854,4349,0,1,0,0
stateful_task,unsigned_minimal_handoff,9218,320,80,176,1,176,required_state_loss,1,192,16,86,241,0.356846473,0,0.6666666667,0.1666666667,0,0,0,1,0,0,2197,597,0,1,0,0
stateful_task,olp_handoff,9218,320,80,176,1,176,required_state_loss,1,192,16,86,241,0.356846473,0,0.6666666667,0.1666666667,0,0,0,1,0,0,8480,1829,5,1,0,0
stateful_task,continuous_control,9219,320,80,112,1,112,required_state_loss,1,128,16,22,241,0.0912863071,0,0.75,0.1666666667,0,0,1,0,0,0,0,0,0,0,0,0
stateful_task,empty_reset,9219,320,80,80,1,80,configuration_error|required_state_loss,1,240,160,0,241,0.0,11,0.75,0.1666666667,0,0,1,0,0,0,45,17,0,1,0,0
stateful_task,full_history_handoff,9219,320,80,112,1,112,required_state_loss,1,128,16,22,241,0.0912863071,0,0.75,0.1666666667,0,0,1,0,0,0,19881,4361,0,1,0,0
stateful_task,unsigned_minimal_handoff,9219,320,80,176,1,176,required_state_loss,1,192,16,87,241,0.3609958506,0,0.75,0.1666666667,0,0,1,0,0,0,2199,601,0,1,0,0
stateful_task,olp_handoff,9219,320,80,176,1,176,required_state_loss,1,192,16,87,241,0.3609958506,0,0.75,0.1666666667,0,0,1,0,0,0,8482,1847,5,1,0,0
stateful_task,continuous_control,9220,320,80,96,1,96,required_state_loss,1,112,16,7,241,0.0290456432,0,0.0833333333,0.0,0,0,0,0,0,0,0,0,0,0,0,0
stateful_task,empty_reset,9220,320,80,80,1,80,configuration_error|required_state_loss,1,224,144,0,241,0.0,11,0.3333333333,0.0,0,0,0,0,0,0,45,17,0,1,0,0
stateful_task,full_history_handoff,9220,320,80,96,1,96,required_state_loss,1,112,16,7,241,0.0290456432,0,0.0833333333,0.0,0,0,0,0,0,0,19886,4356,0,1,0,0
stateful_task,unsigned_minimal_handoff,9220,320,80,123,1,123,invariant_failure,0,0,0,96,241,0.398340249,0,0.25,0.0,0,0,0,0,0,0,2197,599,0,1,0,0
stateful_task,olp_handoff,9220,320,80,123,1,123,invariant_failure,0,0,0,96,241,0.398340249,0,0.25,0.0,0,0,0,0,0,0,8480,1853,5,1,0,0
stateful_task,continuous_control,9221,320,80,112,1,112,required_state_loss,1,128,16,21,241,0.0871369295,0,0.5833333333,0.0,0,0,0,0,0,0,0,0,0,0,0,0
stateful_task,empty_reset,9221,320,80,80,1,80,configuration_error|required_state_loss,1,288,208,0,241,0.0,11,0.5833333333,0.0,0,0,0,0,0,0,45,17,0,1,0,0
stateful_task,full_history_handoff,9221,320,80,112,1,112,required_state_loss,1,128,16,21,241,0.0871369295,0,0.5833333333,0.0,0,0,0,0,0,0,19893,4359,0,1,0,0
stateful_task,unsigned_minimal_handoff,9221,320,80,160,1,160,required_state_loss,1,176,16,75,241,0.3112033195,0,0.5833333333,0.1666666667,0,0,0,0,0,1,2205,601,0,1,0,0
stateful_task,olp_handoff,9221,320,80,160,1,160,required_state_loss,1,176,16,75,241,0.3112033195,0,0.5833333333,0.1666666667,0,0,0,0,0,1,8488,1879,5,1,0,0
stateful_task,continuous_control,9222,320,80,96,1,96,required_state_loss,1,112,16,16,241,0.0663900415,0,0.5,0.3333333333,0,0,1,0,1,0,0,0,0,0,0,0
stateful_task,empty_reset,9222,320,80,80,1,80,configuration_error|required_state_loss,1,256,176,0,241,0.0,11,0.5833333333,0.1666666667,0,0,0,1,0,0,45,17,0,1,0,0
stateful_task,full_history_handoff,9222,320,80,96,1,96,required_state_loss,1,112,16,16,241,0.0663900415,0,0.5,0.3333333333,0,0,1,0,1,0,19877,4347,0,1,0,0
stateful_task,unsigned_minimal_handoff,9222,320,80,224,1,224,required_state_loss,1,240,16,134,241,0.5560165975,0,0.75,0.3333333333,0,0,1,1,0,0,2199,599,0,1,0,0
stateful_task,olp_handoff,9222,320,80,224,1,224,required_state_loss,1,240,16,134,241,0.5560165975,0,0.75,0.3333333333,0,0,1,1,0,0,8482,1818,5,1,0,0
stateful_task,continuous_control,9223,320,80,112,1,112,required_state_loss,1,128,16,26,241,0.1078838174,0,0.3333333333,0.0,0,0,0,0,0,0,0,0,0,0,0,0
stateful_task,empty_reset,9223,320,80,80,1,80,configuration_error|required_state_loss,0,0,0,0,241,0.0,11,0.6666666667,0.1666666667,0,1,0,0,0,0,45,17,0,1,0,0
stateful_task,full_history_handoff,9223,320,80,112,1,112,required_state_loss,1,128,16,26,241,0.1078838174,0,0.3333333333,0.0,0,0,0,0,0,0,19872,4359,0,1,0,0
stateful_task,unsigned_minimal_handoff,9223,320,80,164,1,164,invariant_failure,1,235,71,129,241,0.5352697095,0,0.5833333333,0.0,0,0,0,0,0,0,2199,601,0,1,0,0
stateful_task,olp_handoff,9223,320,80,164,1,164,invariant_failure,1,235,71,129,241,0.5352697095,0,0.5833333333,0.0,0,0,0,0,0,0,8482,1873,5,1,0,0
stateful_task,continuous_control,9224,320,80,80,1,80,invariant_failure,0,0,0,10,241,0.0414937759,0,0.5,0.0,0,0,0,0,0,0,0,0,0,0,0,0
stateful_task,empty_reset,9224,320,80,80,1,80,configuration_error|required_state_loss,1,240,160,0,241,0.0,11,0.5,0.1666666667,0,1,0,0,0,0,45,17,0,1,0,0
stateful_task,full_history_handoff,9224,320,80,80,1,80,invariant_failure,0,0,0,10,241,0.0414937759,0,0.5,0.0,0,0,0,0,0,0,19885,4367,0,1,0,0
stateful_task,unsigned_minimal_handoff,9224,320,80,80,1,80,invariant_failure,1,145,65,117,241,0.4854771784,0,0.5,0.0,0,0,0,0,0,0,2197,601,0,1,0,0
stateful_task,olp_handoff,9224,320,80,80,1,80,invariant_failure,1,145,65,117,241,0.4854771784,0,0.5,0.0,0,0,0,0,0,0,8480,1815,5,1,0,0
stateful_task,continuous_control,9225,320,80,80,1,80,invariant_failure,1,84,4,16,241,0.0663900415,0,0.5833333333,0.0,0,0,0,0,0,0,0,0,0,0,0,0
stateful_task,empty_reset,9225,320,80,80,1,80,configuration_error|required_state_loss,1,224,144,0,241,0.0,11,0.6666666667,0.1666666667,0,0,0,0,1,0,45,17,0,1,0,0
stateful_task,full_history_handoff,9225,320,80,80,1,80,invariant_failure,1,84,4,16,241,0.0663900415,0,0.5833333333,0.0,0,0,0,0,0,0,19877,4368,0,1,0,0
stateful_task,unsigned_minimal_handoff,9225,320,80,80,1,80,invariant_failure,1,84,4,75,241,0.3112033195,0,0.6666666667,0.0,0,0,0,0,0,0,2205,605,0,1,0,0
stateful_task,olp_handoff,9225,320,80,80,1,80,invariant_failure,1,84,4,75,241,0.3112033195,0,0.6666666667,0.0,0,0,0,0,0,0,8488,1827,5,1,0,0
stateful_task,continuous_control,9226,320,80,128,1,128,required_state_loss,0,0,0,39,241,0.1618257261,0,0.1666666667,0.0,0,0,0,0,0,0,0,0,0,0,0,0
stateful_task,empty_reset,9226,320,80,80,1,80,configuration_error|required_state_loss,1,192,112,0,241,0.0,11,0.25,0.1666666667,1,0,0,0,0,0,45,17,0,1,0,0
stateful_task,full_history_handoff,9226,320,80,128,1,128,required_state_loss,0,0,0,39,241,0.1618257261,0,0.1666666667,0.0,0,0,0,0,0,0,19873,4357,0,1,0,0
stateful_task,unsigned_minimal_handoff,9226,320,80,192,1,192,configuration_error|required_state_loss,1,224,32,106,241,0.4398340249,0,0.1666666667,0.0,0,0,0,0,0,0,2201,599,0,1,0,0
stateful_task,olp_handoff,9226,320,80,192,1,192,configuration_error|required_state_loss,1,224,32,106,241,0.4398340249,0,0.1666666667,0.0,0,0,0,0,0,0,8484,1814,5,1,0,0
stateful_task,continuous_control,9227,320,80,112,1,112,required_state_loss,1,128,16,26,241,0.1078838174,0,0.5,0.0,0,0,0,0,0,0,0,0,0,0,0,0
stateful_task,empty_reset,9227,320,80,80,1,80,configuration_error|required_state_loss,1,240,160,0,241,0.0,11,0.5,0.1666666667,0,0,0,0,1,0,45,17,0,1,0,0
stateful_task,full_history_handoff,9227,320,80,112,1,112,required_state_loss,1,128,16,26,241,0.1078838174,0,0.5,0.0,0,0,0,0,0,0,19863,4351,0,1,0,0
stateful_task,unsigned_minimal_handoff,9227,320,80,208,1,208,configuration_error|required_state_loss,1,240,32,117,241,0.4854771784,0,0.5,0.0,0,0,0,0,0,0,2193,597,0,1,0,0
stateful_task,olp_handoff,9227,320,80,208,1,208,configuration_error|required_state_loss,1,240,32,117,241,0.4854771784,0,0.5,0.0,0,0,0,0,0,0,8476,1829,5,1,0,0
stateful_task,continuous_control,9228,320,80,96,1,96,required_state_loss,1,128,32,7,241,0.0290456432,0,0.9166666667,0.1666666667,0,0,1,0,0,0,0,0,0,0,0,0
stateful_task,empty_reset,9228,320,80,80,1,80,configuration_error|required_state_loss,0,0,0,0,241,0.0,11,0.75,0.1666666667,0,1,0,0,0,0,45,17,0,1,0,0
stateful_task,full_history_handoff,9228,320,80,96,1,96,required_state_loss,1,128,32,7,241,0.0290456432,0,0.9166666667,0.1666666667,0,0,1,0,0,0,19882,4361,0,1,0,0
stateful_task,unsigned_minimal_handoff,9228,320,80,151,1,151,invariant_failure,0,0,0,97,241,0.4024896266,0,0.75,0.1666666667,0,1,0,0,0,0,2203,601,0,1,0,0
stateful_task,olp_handoff,9228,320,80,151,1,151,invariant_failure,0,0,0,97,241,0.4024896266,0,0.75,0.1666666667,0,1,0,0,0,0,8486,1839,5,1,0,0
stateful_task,continuous_control,9229,320,80,98,1,98,invariant_failure,1,164,66,36,241,0.1493775934,0,0.25,0.1666666667,0,1,0,0,0,0,0,0,0,0,0,0
stateful_task,empty_reset,9229,320,80,80,1,80,configuration_error|required_state_loss,1,224,144,0,241,0.0,11,0.4166666667,0.1666666667,0,0,0,0,1,0,45,17,0,1,0,0
stateful_task,full_history_handoff,9229,320,80,98,1,98,invariant_failure,1,164,66,36,241,0.1493775934,0,0.25,0.1666666667,0,1,0,0,0,0,19875,4362,0,1,0,0
stateful_task,unsigned_minimal_handoff,9229,320,80,98,1,98,invariant_failure,1,134,36,104,241,0.4315352697,0,0.25,0.1666666667,1,0,0,0,0,0,2201,601,0,1,0,0
stateful_task,olp_handoff,9229,320,80,98,1,98,invariant_failure,1,134,36,104,241,0.4315352697,0,0.25,0.1666666667,1,0,0,0,0,0,8484,1817,5,1,0,0
stateful_task,continuous_control,9230,320,80,122,1,122,invariant_failure,1,166,44,36,241,0.1493775934,0,0.3333333333,0.0,0,0,0,0,0,0,0,0,0,0,0,0
stateful_task,empty_reset,9230,320,80,80,1,80,configuration_error|required_state_loss,1,192,112,0,241,0.0,11,0.5833333333,0.1666666667,0,0,1,0,0,0,45,17,0,1,0,0
stateful_task,full_history_handoff,9230,320,80,122,1,122,invariant_failure,1,166,44,36,241,0.1493775934,0,0.3333333333,0.0,0,0,0,0,0,0,19891,4367,0,1,0,0
stateful_task,unsigned_minimal_handoff,9230,320,80,122,1,122,invariant_failure,1,166,44,92,241,0.3817427386,0,0.5833333333,0.1666666667,1,0,0,0,0,0,2203,601,0,1,0,0
stateful_task,olp_handoff,9230,320,80,122,1,122,invariant_failure,1,166,44,92,241,0.3817427386,0,0.5833333333,0.1666666667,1,0,0,0,0,0,8486,1831,5,1,0,0
stateful_task,continuous_control,9231,320,80,80,1,80,invariant_failure,1,115,35,23,241,0.0954356846,0,0.0833333333,0.0,0,0,0,0,0,0,0,0,0,0,0,0
stateful_task,empty_reset,9231,320,80,80,1,80,configuration_error|required_state_loss,1,192,112,0,241,0.0,11,0.25,0.0,0,0,0,0,0,0,45,17,0,1,0,0
stateful_task,full_history_handoff,9231,320,80,80,1,80,invariant_failure,1,115,35,23,241,0.0954356846,0,0.0833333333,0.0,0,0,0,0,0,0,19880,4362,0,1,0,0
stateful_task,unsigned_minimal_handoff,9231,320,80,80,1,80,invariant_failure,1,103,23,88,241,0.3651452282,0,0.25,0.0,0,0,0,0,0,0,2201,601,0,1,0,0
stateful_task,olp_handoff,9231,320,80,80,1,80,invariant_failure,1,103,23,88,241,0.3651452282,0,0.25,0.0,0,0,0,0,0,0,8484,1837,5,1,0,0
stateful_task,continuous_control,9232,320,80,112,1,112,configuration_error|required_state_loss,1,128,16,18,241,0.0746887967,0,0.75,0.1666666667,1,0,0,0,0,0,0,0,0,0,0,0
stateful_task,empty_reset,9232,320,80,80,1,80,configuration_error|required_state_loss,1,240,160,0,241,0.0,11,0.75,0.0,0,0,0,0,0,0,45,17,0,1,0,0
stateful_task,full_history_handoff,9232,320,80,112,1,112,configuration_error|required_state_loss,1,128,16,18,241,0.0746887967,0,0.75,0.1666666667,1,0,0,0,0,0,19873,4355,0,1,0,0
stateful_task,unsigned_minimal_handoff,9232,320,80,176,1,176,invariant_failure,0,0,0,131,241,0.5435684647,0,0.75,0.1666666667,0,0,0,1,0,0,2201,603,0,1,0,0
stateful_task,olp_handoff,9232,320,80,176,1,176,invariant_failure,0,0,0,131,241,0.5435684647,0,0.75,0.1666666667,0,0,0,1,0,0,8484,1844,5,1,0,0
stateful_task,continuous_control,9233,320,80,112,1,112,required_state_loss,0,0,0,20,241,0.0829875519,0,0.5,0.0,0,0,0,0,0,0,0,0,0,0,0,0
stateful_task,empty_reset,9233,320,80,80,1,80,configuration_error|required_state_loss,1,208,128,0,241,0.0,11,0.5,0.0,0,0,0,0,0,0,45,17,0,1,0,0
stateful_task,full_history_handoff,9233,320,80,112,1,112,required_state_loss,0,0,0,20,241,0.0829875519,0,0.5,0.0,0,0,0,0,0,0,19877,4359,0,1,0,0
stateful_task,unsigned_minimal_handoff,9233,320,80,80,1,80,required_state_loss,1,192,112,0,241,0.0,0,0.5,0.1666666667,1,0,0,0,0,0,2255,615,0,1,0,0
stateful_task,olp_handoff,9233,320,80,80,1,80,required_state_loss,1,192,112,0,241,0.0,0,0.5,0.1666666667,1,0,0,0,0,0,8538,1831,5,1,0,0
stateful_task,continuous_control,9234,320,80,112,1,112,required_state_loss,1,128,16,32,241,0.132780083,0,0.75,0.1666666667,0,0,0,0,0,1,0,0,0,0,0,0
stateful_task,empty_reset,9234,320,80,80,1,80,configuration_error|required_state_loss,1,256,176,0,241,0.0,11,0.6666666667,0.0,0,0,0,0,0,0,45,17,0,1,0,0
stateful_task,full_history_handoff,9234,320,80,112,1,112,required_state_loss,1,128,16,32,241,0.132780083,0,0.75,0.1666666667,0,0,0,0,0,1,19880,4359,0,1,0,0
stateful_task,unsigned_minimal_handoff,9234,320,80,192,1,192,required_state_loss,1,208,16,112,241,0.4647302905,0,0.6666666667,0.0,0,0,0,0,0,0,2199,599,0,1,0,0
stateful_task,olp_handoff,9234,320,80,192,1,192,required_state_loss,1,208,16,112,241,0.4647302905,0,0.6666666667,0.0,0,0,0,0,0,0,8482,1835,5,1,0,0
stateful_task,continuous_control,9235,320,80,112,1,112,required_state_loss,1,128,16,28,241,0.1161825726,0,0.6666666667,0.0,0,0,0,0,0,0,0,0,0,0,0,0
stateful_task,empty_reset,9235,320,80,80,1,80,configuration_error|required_state_loss,1,256,176,0,241,0.0,11,0.8333333333,0.1666666667,1,0,0,0,0,0,45,17,0,1,0,0
stateful_task,full_history_handoff,9235,320,80,112,1,112,required_state_loss,1,128,16,28,241,0.1161825726,0,0.6666666667,0.0,0,0,0,0,0,0,19869,4356,0,1,0,0
stateful_task,unsigned_minimal_handoff,9235,320,80,160,1,160,required_state_loss,1,176,16,72,241,0.2987551867,0,0.8333333333,0.1666666667,1,0,0,0,0,0,2201,599,0,1,0,0
stateful_task,olp_handoff,9235,320,80,160,1,160,required_state_loss,1,176,16,72,241,0.2987551867,0,0.8333333333,0.1666666667,1,0,0,0,0,0,8484,1851,5,1,0,0
stateful_task,continuous_control,9236,320,80,112,1,112,configuration_error|required_state_loss,1,144,32,29,241,0.1203319502,0,0.3333333333,0.1666666667,0,1,0,0,0,0,0,0,0,0,0,0
stateful_task,empty_reset,9236,320,80,80,1,80,configuration_error|required_state_loss,1,256,176,0,241,0.0,11,0.5833333333,0.3333333333,1,0,1,0,0,0,45,17,0,1,0,0
stateful_task,full_history_handoff,9236,320,80,112,1,112,configuration_error|required_state_loss,1,144,32,29,241,0.1203319502,0,0.3333333333,0.1666666667,0,1,0,0,0,0,19869,4364,0,1,0,0
stateful_task,unsigned_minimal_handoff,9236,320,80,192,1,192,configuration_error|required_state_loss,1,208,16,108,241,0.4481327801,0,0.3333333333,0.0,0,0,0,0,0,0,2199,601,0,1,0,0
stateful_task,olp_handoff,9236,320,80,192,1,192,configuration_error|required_state_loss,1,208,16,108,241,0.4481327801,0,0.3333333333,0.0,0,0,0,0,0,0,8482,1837,5,1,0,0
stateful_task,continuous_control,9237,320,80,96,1,96,required_state_loss,0,0,0,11,241,0.0456431535,0,0.4166666667,0.1666666667,0,0,0,0,1,0,0,0,0,0,0,0
stateful_task,empty_reset,9237,320,80,80,1,80,configuration_error|required_state_loss,1,208,128,0,241,0.0,11,0.4166666667,0.3333333333,0,1,0,0,1,0,45,17,0,1,0,0
stateful_task,full_history_handoff,9237,320,80,96,1,96,required_state_loss,0,0,0,11,241,0.0456431535,0,0.4166666667,0.1666666667,0,0,0,0,1,0,19870,4358,0,1,0,0
stateful_task,unsigned_minimal_handoff,9237,320,80,176,1,176,required_state_loss,1,192,16,85,241,0.3526970954,0,0.4166666667,0.0,0,0,0,0,0,0,2199,601,0,1,0,0
stateful_task,olp_handoff,9237,320,80,176,1,176,required_state_loss,1,192,16,85,241,0.3526970954,0,0.4166666667,0.0,0,0,0,0,0,0,8482,1830,5,1,0,0
stateful_task,continuous_control,9238,320,80,80,1,80,required_state_loss,1,96,16,0,241,0.0,0,0.5,0.0,0,0,0,0,0,0,0,0,0,0,0,0
stateful_task,empty_reset,9238,320,80,80,1,80,configuration_error|required_state_loss,1,256,176,0,241,0.0,11,0.6666666667,0.0,0,0,0,0,0,0,45,17,0,1,0,0
stateful_task,full_history_handoff,9238,320,80,80,1,80,required_state_loss,1,96,16,0,241,0.0,0,0.5,0.0,0,0,0,0,0,0,19902,4360,0,1,0,0
stateful_task,unsigned_minimal_handoff,9238,320,80,80,1,80,required_state_loss,1,96,16,0,241,0.0,0,0.8333333333,0.1666666667,0,0,1,0,0,0,2261,617,0,1,0,0
stateful_task,olp_handoff,9238,320,80,80,1,80,required_state_loss,1,96,16,0,241,0.0,0,0.8333333333,0.1666666667,0,0,1,0,0,0,8544,1847,5,1,0,0
stateful_task,continuous_control,9239,320,80,96,1,96,required_state_loss,1,112,16,6,241,0.0248962656,0,0.3333333333,0.0,0,0,0,0,0,0,0,0,0,0,0,0
stateful_task,empty_reset,9239,320,80,80,1,80,configuration_error|required_state_loss,1,224,144,0,241,0.0,11,0.4166666667,0.0,0,0,0,0,0,0,45,17,0,1,0,0
stateful_task,full_history_handoff,9239,320,80,96,1,96,required_state_loss,1,112,16,6,241,0.0248962656,0,0.3333333333,0.0,0,0,0,0,0,0,19864,4348,0,1,0,0
stateful_task,unsigned_minimal_handoff,9239,320,80,192,1,192,required_state_loss,1,208,16,100,241,0.4149377593,0,0.5,0.1666666667,0,0,0,0,0,1,2195,597,0,1,0,0
stateful_task,olp_handoff,9239,320,80,192,1,192,required_state_loss,1,208,16,100,241,0.4149377593,0,0.5,0.1666666667,0,0,0,0,0,1,8478,1831,5,1,0,0
stateful_task,continuous_control,9240,320,80,80,1,80,required_state_loss,1,112,32,0,241,0.0,0,0.5833333333,0.0,0,0,0,0,0,0,0,0,0,0,0,0
stateful_task,empty_reset,9240,320,80,80,1,80,configuration_error|required_state_loss,1,240,160,0,241,0.0,11,0.5833333333,0.0,0,0,0,0,0,0,45,17,0,1,0,0
stateful_task,full_history_handoff,9240,320,80,80,1,80,required_state_loss,1,112,32,0,241,0.0,0,0.5833333333,0.0,0,0,0,0,0,0,19901,4358,0,1,0,0
stateful_task,unsigned_minimal_handoff,9240,320,80,80,1,80,required_state_loss,1,96,16,0,241,0.0,0,0.5833333333,0.0,0,0,0,0,0,0,2263,619,0,1,0,0
stateful_task,olp_handoff,9240,320,80,80,1,80,required_state_loss,1,96,16,0,241,0.0,0,0.5833333333,0.0,0,0,0,0,0,0,8546,1851,5,1,0,0
stateful_task,continuous_control,9241,320,80,96,1,96,required_state_loss,1,112,16,5,241,0.020746888,0,0.75,0.1666666667,0,0,1,0,0,0,0,0,0,0,0,0
stateful_task,empty_reset,9241,320,80,80,1,80,configuration_error|required_state_loss,1,224,144,0,241,0.0,11,0.6666666667,0.1666666667,0,0,0,0,0,1,45,17,0,1,0,0
stateful_task,full_history_handoff,9241,320,80,96,1,96,required_state_loss,1,112,16,5,241,0.020746888,0,0.75,0.1666666667,0,0,1,0,0,0,19858,4356,0,1,0,0
stateful_task,unsigned_minimal_handoff,9241,320,80,176,1,176,required_state_loss,1,192,16,92,241,0.3817427386,0,0.75,0.1666666667,0,0,1,0,0,0,2199,599,0,1,0,0
stateful_task,olp_handoff,9241,320,80,176,1,176,required_state_loss,1,192,16,92,241,0.3817427386,0,0.75,0.1666666667,0,0,1,0,0,0,8482,1831,5,1,0,0
stateful_task,continuous_control,9242,320,80,96,1,96,required_state_loss,1,112,16,12,241,0.0497925311,0,0.5,0.0,0,0,0,0,0,0,0,0,0,0,0,0
stateful_task,empty_reset,9242,320,80,80,1,80,configuration_error|required_state_loss,1,224,144,0,241,0.0,11,0.5,0.0,0,0,0,0,0,0,45,17,0,1,0,0
stateful_task,full_history_handoff,9242,320,80,96,1,96,required_state_loss,1,112,16,12,241,0.0497925311,0,0.5,0.0,0,0,0,0,0,0,19862,4361,0,1,0,0
stateful_task,unsigned_minimal_handoff,9242,320,80,160,1,160,required_state_loss,1,176,16,76,241,0.3153526971,0,0.6666666667,0.1666666667,0,0,0,1,0,0,2203,601,0,1,0,0
stateful_task,olp_handoff,9242,320,80,160,1,160,required_state_loss,1,176,16,76,241,0.3153526971,0,0.6666666667,0.1666666667,0,0,0,1,0,0,8486,1833,5,1,0,0
stateful_task,continuous_control,9243,320,80,80,1,80,invariant_failure,0,0,0,10,241,0.0414937759,0,0.4166666667,0.1666666667,0,1,0,0,0,0,0,0,0,0,0,0
stateful_task,empty_reset,9243,320,80,80,1,80,configuration_error|required_state_loss,1,272,192,0,241,0.0,11,0.4166666667,0.0,0,0,0,0,0,0,45,17,0,1,0,0
stateful_task,full_history_handoff,9243,320,80,80,1,80,invariant_failure,0,0,0,10,241,0.0414937759,0,0.4166666667,0.1666666667,0,1,0,0,0,0,19880,4366,0,1,0,0
stateful_task,unsigned_minimal_handoff,9243,320,80,80,1,80,invariant_failure,1,198,118,75,241,0.3112033195,0,0.4166666667,0.0,0,0,0,0,0,0,2203,601,0,1,0,0
stateful_task,olp_handoff,9243,320,80,80,1,80,invariant_failure,1,198,118,75,241,0.3112033195,0,0.4166666667,0.0,0,0,0,0,0,0,8486,1815,5,1,0,0
stateful_task,continuous_control,9244,320,80,96,1,96,required_state_loss,1,112,16,7,241,0.0290456432,0,0.3333333333,0.0,0,0,0,0,0,0,0,0,0,0,0,0
stateful_task,empty_reset,9244,320,80,80,1,80,configuration_error|required_state_loss,1,208,128,0,241,0.0,11,0.3333333333,0.0,0,0,0,0,0,0,45,17,0,1,0,0
stateful_task,full_history_handoff,9244,320,80,96,1,96,required_state_loss,1,112,16,7,241,0.0290456432,0,0.3333333333,0.0,0,0,0,0,0,0,19886,4355,0,1,0,0
stateful_task,unsigned_minimal_handoff,9244,320,80,160,1,160,required_state_loss,1,176,16,69,241,0.2863070539,0,0.3333333333,0.0,0,0,0,0,0,0,2197,597,0,1,0,0
stateful_task,olp_handoff,9244,320,80,160,1,160,required_state_loss,1,176,16,69,241,0.2863070539,0,0.3333333333,0.0,0,0,0,0,0,0,8480,1892,5,1,0,0
stateful_task,continuous_control,9245,320,80,88,1,88,invariant_failure,1,97,9,6,241,0.0248962656,0,0.1666666667,0.0,0,0,0,0,0,0,0,0,0,0,0,0
stateful_task,empty_reset,9245,320,80,80,1,80,configuration_error|required_state_loss,1,208,128,0,241,0.0,11,0.25,0.0,0,0,0,0,0,0,45,17,0,1,0,0
stateful_task,full_history_handoff,9245,320,80,88,1,88,invariant_failure,1,97,9,6,241,0.0248962656,0,0.1666666667,0.0,0,0,0,0,0,0,19873,4363,0,1,0,0
stateful_task,unsigned_minimal_handoff,9245,320,80,88,1,88,invariant_failure,1,96,8,103,241,0.4273858921,0,0.25,0.0,0,0,0,0,0,0,2201,603,0,1,0,0
stateful_task,olp_handoff,9245,320,80,88,1,88,invariant_failure,1,96,8,103,241,0.4273858921,0,0.25,0.0,0,0,0,0,0,0,8484,1887,5,1,0,0
stateful_task,continuous_control,9246,320,80,112,1,112,required_state_loss,1,128,16,24,241,0.0995850622,0,0.5,0.0,0,0,0,0,0,0,0,0,0,0,0,0
stateful_task,empty_reset,9246,320,80,80,1,80,configuration_error|required_state_loss,1,304,224,0,241,0.0,11,0.75,0.0,0,0,0,0,0,0,45,17,0,1,0,0
stateful_task,full_history_handoff,9246,320,80,112,1,112,required_state_loss,1,128,16,24,241,0.0995850622,0,0.5,0.0,0,0,0,0,0,0,19869,4355,0,1,0,0
stateful_task,unsigned_minimal_handoff,9246,320,80,176,1,176,required_state_loss,1,192,16,87,241,0.3609958506,0,0.5,0.0,0,0,0,0,0,0,2203,601,0,1,0,0
stateful_task,olp_handoff,9246,320,80,176,1,176,required_state_loss,1,192,16,87,241,0.3609958506,0,0.5,0.0,0,0,0,0,0,0,8486,1831,5,1,0,0
stateful_task,continuous_control,9247,320,80,96,1,96,required_state_loss,1,112,16,16,241,0.0663900415,0,0.4166666667,0.0,0,0,0,0,0,0,0,0,0,0,0,0
stateful_task,empty_reset,9247,320,80,80,1,80,configuration_error|required_state_loss,1,240,160,0,241,0.0,11,0.3333333333,0.0,0,0,0,0,0,0,45,17,0,1,0,0
stateful_task,full_history_handoff,9247,320,80,96,1,96,required_state_loss,1,112,16,16,241,0.0663900415,0,0.4166666667,0.0,0,0,0,0,0,0,19850,4346,0,1,0,0
stateful_task,unsigned_minimal_handoff,9247,320,80,208,1,208,required_state_loss,1,224,16,125,241,0.5186721992,0,0.3333333333,0.1666666667,1,0,0,0,0,0,2201,597,0,1,0,0
stateful_task,olp_handoff,9247,320,80,208,1,208,required_state_loss,1,224,16,125,241,0.5186721992,0,0.3333333333,0.1666666667,1,0,0,0,0,0,8484,1837,5,1,0,0
stateful_task,continuous_control,9248,320,80,128,1,128,required_state_loss,1,144,16,48,241,0.1991701245,0,0.3333333333,0.0,0,0,0,0,0,0,0,0,0,0,0,0
stateful_task,empty_reset,9248,320,80,80,1,80,configuration_error|required_state_loss,1,288,208,0,241,0.0,11,0.5,0.1666666667,0,0,0,0,1,0,45,17,0,1,0,0
stateful_task,full_history_handoff,9248,320,80,128,1,128,required_state_loss,1,144,16,48,241,0.1991701245,0,0.3333333333,0.0,0,0,0,0,0,0,19868,4349,0,1,0,0
stateful_task,unsigned_minimal_handoff,9248,320,80,176,1,176,required_state_loss,1,192,16,85,241,0.3526970954,0,0.5,0.1666666667,0,0,0,0,1,0,2195,595,0,1,0,0
stateful_task,olp_handoff,9248,320,80,176,1,176,required_state_loss,1,192,16,85,241,0.3526970954,0,0.5,0.1666666667,0,0,0,0,1,0,8478,1847,5,1,0,0
stateful_task,continuous_control,9249,320,80,112,1,112,required_state_loss,0,0,0,18,241,0.0746887967,0,0.0833333333,0.0,0,0,0,0,0,0,0,0,0,0,0,0
stateful_task,empty_reset,9249,320,80,80,1,80,configuration_error|required_state_loss,1,208,128,0,241,0.0,11,0.3333333333,0.1666666667,0,0,0,0,1,0,45,17,0,1,0,0
stateful_task,full_history_handoff,9249,320,80,112,1,112,required_state_loss,0,0,0,18,241,0.0746887967,0,0.0833333333,0.0,0,0,0,0,0,0,19877,4352,0,1,0,0
stateful_task,unsigned_minimal_handoff,9249,320,80,160,1,160,required_state_loss,0,0,0,77,241,0.3195020747,0,0.3333333333,0.1666666667,0,0,0,0,1,0,2201,599,0,1,0,0
stateful_task,olp_handoff,9249,320,80,160,1,160,required_state_loss,0,0,0,77,241,0.3195020747,0,0.3333333333,0.1666666667,0,0,0,0,1,0,8484,1855,5,1,0,0
stateful_task,continuous_control,9250,320,80,128,1,128,required_state_loss,1,176,48,51,241,0.2116182573,0,0.25,0.0,0,0,0,0,0,0,0,0,0,0,0,0
stateful_task,empty_reset,9250,320,80,80,1,80,configuration_error|required_state_loss,1,256,176,0,241,0.0,11,0.25,0.0,0,0,0,0,0,0,45,17,0,1,0,0
stateful_task,full_history_handoff,9250,320,80,128,1,128,required_state_loss,1,176,48,51,241,0.2116182573,0,0.25,0.0,0,0,0,0,0,0,19881,4363,0,1,0,0
stateful_task,unsigned_minimal_handoff,9250,320,80,136,1,136,invariant_failure,0,0,0,98,241,0.4066390041,0,0.3333333333,0.1666666667,0,0,0,0,1,0,2203,603,0,1,0,0
stateful_task,olp_handoff,9250,320,80,136,1,136,invariant_failure,0,0,0,98,241,0.4066390041,0,0.3333333333,0.1666666667,0,0,0,0,1,0,8486,1857,5,1,0,0
stateful_task,continuous_control,9251,320,80,96,1,96,required_state_loss,1,128,32,12,241,0.0497925311,0,0.5,0.0,0,0,0,0,0,0,0,0,0,0,0,0
stateful_task,empty_reset,9251,320,80,80,1,80,configuration_error|required_state_loss,1,240,160,0,241,0.0,11,0.75,0.0,0,0,0,0,0,0,45,17,0,1,0,0
stateful_task,full_history_handoff,9251,320,80,96,1,96,required_state_loss,1,128,32,12,241,0.0497925311,0,0.5,0.0,0,0,0,0,0,0,19884,4366,0,1,0,0
stateful_task,unsigned_minimal_handoff,9251,320,80,94,1,94,invariant_failure,1,120,26,78,241,0.3236514523,0,0.5833333333,0.1666666667,0,1,0,0,0,0,2203,603,0,1,0,0
stateful_task,olp_handoff,9251,320,80,94,1,94,invariant_failure,1,120,26,78,241,0.3236514523,0,0.5833333333,0.1666666667,0,1,0,0,0,0,8486,1841,5,1,0,0
stateful_task,continuous_control,9252,320,80,112,1,112,required_state_loss,1,128,16,28,241,0.1161825726,0,0.5,0.0,0,0,0,0,0,0,0,0,0,0,0,0
stateful_task,empty_reset,9252,320,80,80,1,80,configuration_error|required_state_loss,1,192,112,0,241,0.0,11,0.8333333333,0.5,1,0,1,0,1,0,45,17,0,1,0,0
stateful_task,full_history_handoff,9252,320,80,112,1,112,required_state_loss,1,128,16,28,241,0.1161825726,0,0.5,0.0,0,0,0,0,0,0,19863,4355,0,1,0,0
stateful_task,unsigned_minimal_handoff,9252,320,80,176,1,176,configuration_error|required_state_loss,1,192,16,92,241,0.3817427386,0,0.6666666667,0.3333333333,0,0,1,0,1,0,2201,599,0,1,0,0
stateful_task,olp_handoff,9252,320,80,176,1,176,configuration_error|required_state_loss,1,192,16,92,241,0.3817427386,0,0.6666666667,0.3333333333,0,0,1,0,1,0,8484,1833,5,1,0,0
stateful_task,continuous_control,9253,320,80,112,1,112,required_state_loss,1,128,16,21,241,0.0871369295,0,0.4166666667,0.0,0,0,0,0,0,0,0,0,0,0,0,0
stateful_task,empty_reset,9253,320,80,80,1,80,configuration_error|required_state_loss,1,240,160,0,241,0.0,11,0.4166666667,0.0,0,0,0,0,0,0,45,17,0,1,0,0
stateful_task,full_history_handoff,9253,320,80,112,1,112,required_state_loss,1,128,16,21,241,0.0871369295,0,0.4166666667,0.0,0,0,0,0,0,0,19883,4357,0,1,0,0
stateful_task,unsigned_minimal_handoff,9253,320,80,160,1,160,required_state_loss,1,176,16,76,241,0.3153526971,0,0.4166666667,0.0,0,0,0,0,0,0,2201,599,0,1,0,0
stateful_task,olp_handoff,9253,320,80,160,1,160,required_state_loss,1,176,16,76,241,0.3153526971,0,0.4166666667,0.0,0,0,0,0,0,0,8484,1819,5,1,0,0
stateful_task,continuous_control,9254,320,80,128,1,128,required_state_loss,0,0,0,46,241,0.1908713693,0,0.5833333333,0.0,0,0,0,0,0,0,0,0,0,0,0,0
stateful_task,empty_reset,9254,320,80,80,1,80,configuration_error|required_state_loss,1,208,128,0,241,0.0,11,0.5833333333,0.1666666667,1,0,0,0,0,0,45,17,0,1,0,0
stateful_task,full_history_handoff,9254,320,80,128,1,128,required_state_loss,0,0,0,46,241,0.1908713693,0,0.5833333333,0.0,0,0,0,0,0,0,19874,4353,0,1,0,0
stateful_task,unsigned_minimal_handoff,9254,320,80,160,1,160,configuration_error|required_state_loss,1,176,16,70,241,0.2904564315,0,0.5833333333,0.1666666667,1,0,0,0,0,0,2195,597,0,1,0,0
stateful_task,olp_handoff,9254,320,80,160,1,160,configuration_error|required_state_loss,1,176,16,70,241,0.2904564315,0,0.5833333333,0.1666666667,1,0,0,0,0,0,8478,1849,5,1,0,0
stateful_task,continuous_control,9255,320,80,112,1,112,configuration_error|required_state_loss,1,128,16,21,241,0.0871369295,0,0.1666666667,0.0,0,0,0,0,0,0,0,0,0,0,0,0
stateful_task,empty_reset,9255,320,80,80,1,80,configuration_error|required_state_loss,1,224,144,0,241,0.0,11,0.4166666667,0.1666666667,0,0,1,0,0,0,45,17,0,1,0,0
stateful_task,full_history_handoff,9255,320,80,112,1,112,configuration_error|required_state_loss,1,128,16,21,241,0.0871369295,0,0.1666666667,0.0,0,0,0,0,0,0,19860,4361,0,1,0,0
stateful_task,unsigned_minimal_handoff,9255,320,80,160,1,160,required_state_loss,1,176,16,78,241,0.3236514523,0,0.1666666667,0.0,0,0,0,0,0,0,2205,605,0,1,0,0
stateful_task,olp_handoff,9255,320,80,160,1,160,required_state_loss,1,176,16,78,241,0.3236514523,0,0.1666666667,0.0,0,0,0,0,0,0,8488,1823,5,1,0,0
stateful_task,continuous_control,9256,320,80,80,1,80,invariant_failure,1,252,172,28,241,0.1161825726,0,0.75,0.1666666667,0,1,0,0,0,0,0,0,0,0,0,0
stateful_task,empty_reset,9256,320,80,80,1,80,configuration_error|required_state_loss,0,0,0,0,241,0.0,11,0.75,0.1666666667,0,1,0,0,0,0,45,17,0,1,0,0
stateful_task,full_history_handoff,9256,320,80,80,1,80,invariant_failure,1,252,172,28,241,0.1161825726,0,0.75,0.1666666667,0,1,0,0,0,0,19873,4359,0,1,0,0
stateful_task,unsigned_minimal_handoff,9256,320,80,80,1,80,invariant_failure,1,259,179,82,241,0.3402489627,0,0.75,0.1666666667,0,1,0,0,0,0,2197,599,0,1,0,0
stateful_task,olp_handoff,9256,320,80,80,1,80,invariant_failure,1,259,179,82,241,0.3402489627,0,0.75,0.1666666667,0,1,0,0,0,0,8480,1829,5,1,0,0
stateful_task,continuous_control,9257,320,80,130,1,130,invariant_failure,1,184,54,51,241,0.2116182573,0,0.4166666667,0.0,0,0,0,0,0,0,0,0,0,0,0,0
stateful_task,empty_reset,9257,320,80,80,1,80,configuration_error|required_state_loss,0,0,0,0,241,0.0,11,0.5,0.0,0,0,0,0,0,0,45,17,0,1,0,0
stateful_task,full_history_handoff,9257,320,80,130,1,130,invariant_failure,1,184,54,51,241,0.2116182573,0,0.4166666667,0.0,0,0,0,0,0,0,19877,4362,0,1,0,0
stateful_task,unsigned_minimal_handoff,9257,320,80,130,1,130,invariant_failure,0,0,0,75,241,0.3112033195,0,0.5,0.0,0,0,0,0,0,0,2201,603,0,1,0,0
stateful_task,olp_handoff,9257,320,80,130,1,130,invariant_failure,0,0,0,75,241,0.3112033195,0,0.5,0.0,0,0,0,0,0,0,8484,1841,5,1,0,0
stateful_task,continuous_control,9258,320,80,96,1,96,required_state_loss,0,0,0,13,241,0.0539419087,0,0.1666666667,0.0,0,0,0,0,0,0,0,0,0,0,0,0
stateful_task,empty_reset,9258,320,80,80,1,80,configuration_error|required_state_loss,1,240,160,0,241,0.0,11,0.4166666667,0.1666666667,0,0,0,1,0,0,45,17,0,1,0,0
stateful_task,full_history_handoff,9258,320,80,96,1,96,required_state_loss,0,0,0,13,241,0.0539419087,0,0.1666666667,0.0,0,0,0,0,0,0,19872,4356,0,1,0,0
stateful_task,unsigned_minimal_handoff,9258,320,80,192,1,192,configuration_error|required_state_loss,1,224,32,103,241,0.4273858921,0,0.1666666667,0.0,0,0,0,0,0,0,2197,597,0,1,0,0
stateful_task,olp_handoff,9258,320,80,192,1,192,configuration_error|required_state_loss,1,224,32,103,241,0.4273858921,0,0.1666666667,0.0,0,0,0,0,0,0,8480,1815,5,1,0,0
stateful_task,continuous_control,9259,320,80,128,1,128,required_state_loss,1,256,128,47,241,0.1950207469,0,0.5833333333,0.1666666667,0,1,0,0,0,0,0,0,0,0,0,0
stateful_task,empty_reset,9259,320,80,80,1,80,configuration_error|required_state_loss,1,208,128,0,241,0.0,11,0.5,0.1666666667,0,0,0,0,0,1,45,17,0,1,0,0
stateful_task,full_history_handoff,9259,320,80,128,1,128,required_state_loss,1,256,128,47,241,0.1950207469,0,0.5833333333,0.1666666667,0,1,0,0,0,0,19881,4352,0,1,0,0
stateful_task,unsigned_minimal_handoff,9259,320,80,176,1,176,configuration_error|required_state_loss,1,192,16,83,241,0.3443983402,0,0.5833333333,0.1666666667,0,1,0,0,0,0,2203,599,0,1,0,0
stateful_task,olp_handoff,9259,320,80,176,1,176,configuration_error|required_state_loss,1,192,16,83,241,0.3443983402,0,0.5833333333,0.1666666667,0,1,0,0,0,0,8486,1831,5,1,0,0
stateful_task,continuous_control,9260,320,80,96,1,96,required_state_loss,0,0,0,12,241,0.0497925311,0,0.25,0.0,0,0,0,0,0,0,0,0,0,0,0,0
stateful_task,empty_reset,9260,320,80,80,1,80,configuration_error|required_state_loss,1,224,144,0,241,0.0,11,0.25,0.0,0,0,0,0,0,0,45,17,0,1,0,0
stateful_task,full_history_handoff,9260,320,80,96,1,96,required_state_loss,0,0,0,12,241,0.0497925311,0,0.25,0.0,0,0,0,0,0,0,19881,4366,0,1,0,0
stateful_task,unsigned_minimal_handoff,9260,320,80,160,1,160,required_state_loss,0,0,0,71,241,0.2946058091,0,0.4166666667,0.1666666667,0,0,0,0,1,0,2205,603,0,1,0,0
stateful_task,olp_handoff,9260,320,80,160,1,160,required_state_loss,0,0,0,71,241,0.2946058091,0,0.4166666667,0.1666666667,0,0,0,0,1,0,8488,1871,5,1,0,0
stateful_task,continuous_control,9261,320,80,112,1,112,configuration_error|required_state_loss,1,128,16,26,241,0.1078838174,0,0.6666666667,0.0,0,0,0,0,0,0,0,0,0,0,0,0
stateful_task,empty_reset,9261,320,80,80,1,80,configuration_error|required_state_loss,1,192,112,0,241,0.0,11,0.6666666667,0.0,0,0,0,0,0,0,45,17,0,1,0,0
stateful_task,full_history_handoff,9261,320,80,112,1,112,configuration_error|required_state_loss,1,128,16,26,241,0.1078838174,0,0.6666666667,0.0,0,0,0,0,0,0,19870,4346,0,1,0,0
stateful_task,unsigned_minimal_handoff,9261,320,80,192,1,192,configuration_error|required_state_loss,1,208,16,97,241,0.4024896266,0,0.6666666667,0.0,0,0,0,0,0,0,2197,595,0,1,0,0
stateful_task,olp_handoff,9261,320,80,192,1,192,configuration_error|required_state_loss,1,208,16,97,241,0.4024896266,0,0.6666666667,0.0,0,0,0,0,0,0,8480,1865,5,1,0,0
stateful_task,continuous_control,9262,320,80,96,1,96,required_state_loss,1,112,16,15,241,0.0622406639,0,0.6666666667,0.1666666667,0,0,1,0,0,0,0,0,0,0,0,0
stateful_task,empty_reset,9262,320,80,80,1,80,configuration_error|required_state_loss,1,240,160,0,241,0.0,11,0.6666666667,0.1666666667,0,0,0,1,0,0,45,17,0,1,0,0
stateful_task,full_history_handoff,9262,320,80,96,1,96,required_state_loss,1,112,16,15,241,0.0622406639,0,0.6666666667,0.1666666667,0,0,1,0,0,0,19891,4371,0,1,0,0
stateful_task,unsigned_minimal_handoff,9262,320,80,208,1,208,required_state_loss,1,224,16,122,241,0.5062240664,0,0.6666666667,0.3333333333,0,0,0,1,0,1,2207,603,0,1,0,0
stateful_task,olp_handoff,9262,320,80,208,1,208,required_state_loss,1,224,16,122,241,0.5062240664,0,0.6666666667,0.3333333333,0,0,0,1,0,1,8490,1855,5,1,0,0
stateful_task,continuous_control,9263,320,80,112,1,112,required_state_loss,1,224,112,22,241,0.0912863071,0,0.8333333333,0.0,0,0,0,0,0,0,0,0,0,0,0,0
stateful_task,empty_reset,9263,320,80,80,1,80,configuration_error|required_state_loss,1,256,176,0,241,0.0,11,0.8333333333,0.0,0,0,0,0,0,0,45,17,0,1,0,0
stateful_task,full_history_handoff,9263,320,80,112,1,112,required_state_loss,1,224,112,22,241,0.0912863071,0,0.8333333333,0.0,0,0,0,0,0,0,19860,4348,0,1,0,0
stateful_task,unsigned_minimal_handoff,9263,320,80,160,1,160,required_state_loss,1,192,32,95,241,0.3941908714,0,0.6666666667,0.0,0,0,0,0,0,0,2197,597,0,1,0,0
stateful_task,olp_handoff,9263,320,80,160,1,160,required_state_loss,1,192,32,95,241,0.3941908714,0,0.6666666667,0.0,0,0,0,0,0,0,8480,1813,5,1,0,0
stateful_task,continuous_control,9264,320,80,80,1,80,required_state_loss,1,96,16,0,241,0.0,0,0.5833333333,0.0,0,0,0,0,0,0,0,0,0,0,0,0
stateful_task,empty_reset,9264,320,80,80,1,80,configuration_error|required_state_loss,1,208,128,0,241,0.0,11,0.5833333333,0.0,0,0,0,0,0,0,45,17,0,1,0,0
stateful_task,full_history_handoff,9264,320,80,80,1,80,required_state_loss,1,96,16,0,241,0.0,0,0.5833333333,0.0,0,0,0,0,0,0,19881,4362,0,1,0,0
stateful_task,unsigned_minimal_handoff,9264,320,80,80,1,80,required_state_loss,1,96,16,0,241,0.0,0,0.5833333333,0.0,0,0,0,0,0,0,2203,601,0,1,0,0
stateful_task,olp_handoff,9264,320,80,80,1,80,required_state_loss,1,96,16,0,241,0.0,0,0.5833333333,0.0,0,0,0,0,0,0,8486,1835,5,1,0,0
stateful_task,continuous_control,9265,320,80,96,1,96,required_state_loss,1,112,16,13,241,0.0539419087,0,0.3333333333,0.0,0,0,0,0,0,0,0,0,0,0,0,0
stateful_task,empty_reset,9265,320,80,80,1,80,configuration_error|required_state_loss,1,240,160,0,241,0.0,11,0.4166666667,0.0,0,0,0,0,0,0,45,17,0,1,0,0
stateful_task,full_history_handoff,9265,320,80,96,1,96,required_state_loss,1,112,16,13,241,0.0539419087,0,0.3333333333,0.0,0,0,0,0,0,0,19866,4348,0,1,0,0
stateful_task,unsigned_minimal_handoff,9265,320,80,192,1,192,required_state_loss,1,208,16,107,241,0.4439834025,0,0.4166666667,0.0,0,0,0,0,0,0,2195,595,0,1,0,0
stateful_task,olp_handoff,9265,320,80,192,1,192,required_state_loss,1,208,16,107,241,0.4439834025,0,0.4166666667,0.0,0,0,0,0,0,0,8478,1843,5,1,0,0
stateful_task,continuous_control,9266,320,80,96,1,96,required_state_loss,1,112,16,1,241,0.0041493776,0,0.4166666667,0.0,0,0,0,0,0,0,0,0,0,0,0,0
stateful_task,empty_reset,9266,320,80,80,1,80,configuration_error|required_state_loss,1,208,128,0,241,0.0,11,0.8333333333,0.3333333333,0,1,0,0,1,0,45,17,0,1,0,0
stateful_task,full_history_handoff,9266,320,80,96,1,96,required_state_loss,1,112,16,1,241,0.0041493776,0,0.4166666667,0.0,0,0,0,0,0,0,19875,4363,0,1,0,0
stateful_task,unsigned_minimal_handoff,9266,320,80,192,1,192,required_state_loss,1,256,64,99,241,0.4107883817,0,0.5,0.0,0,0,0,0,0,0,2201,601,0,1,0,0
stateful_task,olp_handoff,9266,320,80,192,1,192,required_state_loss,1,256,64,99,241,0.4107883817,0,0.5,0.0,0,0,0,0,0,0,8484,1835,5,1,0,0
stateful_task,continuous_control,9267,320,80,96,1,96,required_state_loss,1,112,16,14,241,0.0580912863,0,0.25,0.0,0,0,0,0,0,0,0,0,0,0,0,0
stateful_task,empty_reset,9267,320,80,80,1,80,configuration_error|required_state_loss,1,224,144,0,241,0.0,11,0.3333333333,0.0,0,0,0,0,0,0,45,17,0,1,0,0
stateful_task,full_history_handoff,9267,320,80,96,1,96,required_state_loss,1,112,16,14,241,0.0580912863,0,0.25,0.0,0,0,0,0,0,0,19871,4355,0,1,0,0
stateful_task,unsigned_minimal_handoff,9267,320,80,192,1,192,required_state_loss,1,208,16,101,241,0.4190871369,0,0.4166666667,0.0,0,0,0,0,0,0,2199,599,0,1,0,0
stateful_task,olp_handoff,9267,320,80,192,1,192,required_state_loss,1,208,16,101,241,0.4190871369,0,0.4166666667,0.0,0,0,0,0,0,0,8482,1815,5,1,0,0
stateful_task,continuous_control,9268,320,80,80,1,80,required_state_loss,1,96,16,0,241,0.0,0,0.0833333333,0.0,0,0,0,0,0,0,0,0,0,0,0,0
stateful_task,empty_reset,9268,320,80,80,1,80,configuration_error|required_state_loss,1,240,160,0,241,0.0,11,0.3333333333,0.1666666667,0,1,0,0,0,0,45,17,0,1,0,0
stateful_task,full_history_handoff,9268,320,80,80,1,80,required_state_loss,1,96,16,0,241,0.0,0,0.0833333333,0.0,0,0,0,0,0,0,19877,4355,0,1,0,0
stateful_task,unsigned_minimal_handoff,9268,320,80,80,1,80,required_state_loss,1,96,16,0,241,0.0,0,0.25,0.1666666667,0,0,0,0,0,1,2195,597,0,1,0,0
stateful_task,olp_handoff,9268,320,80,80,1,80,required_state_loss,1,96,16,0,241,0.0,0,0.25,0.1666666667,0,0,0,0,0,1,8478,1869,5,1,0,0
stateful_task,continuous_control,9269,320,80,128,1,128,required_state_loss,0,0,0,47,241,0.1950207469,0,0.3333333333,0.0,0,0,0,0,0,0,0,0,0,0,0,0
stateful_task,empty_reset,9269,320,80,80,1,80,configuration_error|required_state_loss,1,272,192,0,241,0.0,11,0.4166666667,0.1666666667,0,0,0,0,0,1,45,17,0,1,0,0
stateful_task,full_history_handoff,9269,320,80,128,1,128,required_state_loss,0,0,0,47,241,0.1950207469,0,0.3333333333,0.0,0,0,0,0,0,0,19863,4349,0,1,0,0
stateful_task,unsigned_minimal_handoff,9269,320,80,176,1,176,required_state_loss,1,192,16,91,241,0.377593361,0,0.3333333333,0.0,0,0,0,0,0,0,2197,597,0,1,0,0
stateful_task,olp_handoff,9269,320,80,176,1,176,required_state_loss,1,192,16,91,241,0.377593361,0,0.3333333333,0.0,0,0,0,0,0,0,8480,1835,5,1,0,0
stateful_task,continuous_control,9270,320,80,80,1,80,required_state_loss,1,96,16,0,241,0.0,0,0.1666666667,0.0,0,0,0,0,0,0,0,0,0,0,0,0
stateful_task,empty_reset,9270,320,80,80,1,80,configuration_error|required_state_loss,1,192,112,0,241,0.0,11,0.0833333333,0.3333333333,0,1,0,0,0,1,45,17,0,1,0,0
stateful_task,full_history_handoff,9270,320,80,80,1,80,required_state_loss,1,96,16,0,241,0.0,0,0.1666666667,0.0,0,0,0,0,0,0,19902,4362,0,1,0,0
stateful_task,unsigned_minimal_handoff,9270,320,80,80,1,80,required_state_loss,1,96,16,0,241,0.0,0,0.0833333333,0.1666666667,0,1,0,0,0,0,2261,617,0,1,0,0
stateful_task,olp_handoff,9270,320,80,80,1,80,required_state_loss,1,96,16,0,241,0.0,0,0.0833333333,0.1666666667,0,1,0,0,0,0,8544,1854,5,1,0,0
stateful_task,continuous_control,9271,320,80,128,1,128,required_state_loss,1,144,16,35,241,0.1452282158,0,0.3333333333,0.0,0,0,0,0,0,0,0,0,0,0,0,0
stateful_task,empty_reset,9271,320,80,80,1,80,configuration_error|required_state_loss,1,224,144,0,241,0.0,11,0.3333333333,0.0,0,0,0,0,0,0,45,17,0,1,0,0
stateful_task,full_history_handoff,9271,320,80,128,1,128,required_state_loss,1,144,16,35,241,0.1452282158,0,0.3333333333,0.0,0,0,0,0,0,0,19870,4352,0,1,0,0
stateful_task,unsigned_minimal_handoff,9271,320,80,176,1,176,required_state_loss,0,0,0,91,241,0.377593361,0,0.3333333333,0.1666666667,0,1,0,0,0,0,2199,599,0,1,0,0
stateful_task,olp_handoff,9271,320,80,176,1,176,required_state_loss,0,0,0,91,241,0.377593361,0,0.3333333333,0.1666666667,0,1,0,0,0,0,8482,1817,5,1,0,0
stateful_task,continuous_control,9272,320,80,96,1,96,required_state_loss,1,112,16,8,241,0.0331950207,0,0.0833333333,0.0,0,0,0,0,0,0,0,0,0,0,0,0
stateful_task,empty_reset,9272,320,80,80,1,80,configuration_error|required_state_loss,1,224,144,0,241,0.0,11,0.0833333333,0.0,0,0,0,0,0,0,45,17,0,1,0,0
stateful_task,full_history_handoff,9272,320,80,96,1,96,required_state_loss,1,112,16,8,241,0.0331950207,0,0.0833333333,0.0,0,0,0,0,0,0,19877,4357,0,1,0,0
stateful_task,unsigned_minimal_handoff,9272,320,80,208,1,208,configuration_error|required_state_loss,1,224,16,113,241,0.468879668,0,0.0833333333,0.0,0,0,0,0,0,0,2197,599,0,1,0,0
stateful_task,olp_handoff,9272,320,80,208,1,208,configuration_error|required_state_loss,1,224,16,113,241,0.468879668,0,0.0833333333,0.0,0,0,0,0,0,0,8480,1878,5,1,0,0
stateful_task,continuous_control,9273,320,80,112,1,112,required_state_loss,1,128,16,25,241,0.1037344398,0,0.6666666667,0.1666666667,0,0,1,0,0,0,0,0,0,0,0,0
stateful_task,empty_reset,9273,320,80,80,1,80,configuration_error|required_state_loss,1,272,192,0,241,0.0,11,0.6666666667,0.1666666667,0,0,0,1,0,0,45,17,0,1,0,0
stateful_task,full_history_handoff,9273,320,80,112,1,112,required_state_loss,1,128,16,25,241,0.1037344398,0,0.6666666667,0.1666666667,0,0,1,0,0,0,19877,4357,0,1,0,0
stateful_task,unsigned_minimal_handoff,9273,320,80,160,1,160,required_state_loss,1,176,16,80,241,0.3319502075,0,0.6666666667,0.1666666667,0,0,0,1,0,0,2201,601,0,1,0,0
stateful_task,olp_handoff,9273,320,80,160,1,160,required_state_loss,1,176,16,80,241,0.3319502075,0,0.6666666667,0.1666666667,0,0,0,1,0,0,8484,1857,5,1,0,0
stateful_task,continuous_control,9274,320,80,112,1,112,required_state_loss,1,128,16,22,241,0.0912863071,0,0.5,0.1666666667,0,0,1,0,0,0,0,0,0,0,0,0
stateful_task,empty_reset,9274,320,80,80,1,80,configuration_error|required_state_loss,1,208,128,0,241,0.0,11,0.25,0.0,0,0,0,0,0,0,45,17,0,1,0,0
stateful_task,full_history_handoff,9274,320,80,112,1,112,required_state_loss,1,128,16,22,241,0.0912863071,0,0.5,0.1666666667,0,0,1,0,0,0,19866,4359,0,1,0,0
stateful_task,unsigned_minimal_handoff,9274,320,80,192,1,192,required_state_loss,0,0,0,112,241,0.4647302905,0,0.25,0.0,0,0,0,0,0,0,2201,601,0,1,0,0
stateful_task,olp_handoff,9274,320,80,192,1,192,required_state_loss,0,0,0,112,241,0.4647302905,0,0.25,0.0,0,0,0,0,0,0,8484,1831,5,1,0,0
stateful_task,continuous_control,9275,320,80,96,1,96,required_state_loss,1,112,16,11,241,0.0456431535,0,0.6666666667,0.1666666667,0,0,0,0,1,0,0,0,0,0,0,0
stateful_task,empty_reset,9275,320,80,80,1,80,configuration_error|required_state_loss,1,256,176,0,241,0.0,11,0.6666666667,0.1666666667,0,0,0,0,1,0,45,17,0,1,0,0
stateful_task,full_history_handoff,9275,320,80,96,1,96,required_state_loss,1,112,16,11,241,0.0456431535,0,0.6666666667,0.1666666667,0,0,0,0,1,0,19862,4346,0,1,0,0
stateful_task,unsigned_minimal_handoff,9275,320,80,176,1,176,required_state_loss,1,192,16,83,241,0.3443983402,0,0.6666666667,0.1666666667,0,0,0,0,1,0,2199,597,0,1,0,0
stateful_task,olp_handoff,9275,320,80,176,1,176,required_state_loss,1,192,16,83,241,0.3443983402,0,0.6666666667,0.1666666667,0,0,0,0,1,0,8482,1840,5,1,0,0
stateful_task,continuous_control,9276,320,80,126,1,126,invariant_failure,1,133,7,59,241,0.244813278,0,0.5,0.0,0,0,0,0,0,0,0,0,0,0,0,0
stateful_task,empty_reset,9276,320,80,80,1,80,configuration_error|required_state_loss,1,272,192,0,241,0.0,11,0.6666666667,0.1666666667,0,0,0,1,0,0,45,17,0,1,0,0
stateful_task,full_history_handoff,9276,320,80,126,1,126,invariant_failure,1,133,7,59,241,0.244813278,0,0.5,0.0,0,0,0,0,0,0,19873,4353,0,1,0,0
stateful_task,unsigned_minimal_handoff,9276,320,80,126,1,126,invariant_failure,1,133,7,109,241,0.4522821577,0,0.6666666667,0.1666666667,0,0,0,1,0,0,2199,597,0,1,0,0
stateful_task,olp_handoff,9276,320,80,126,1,126,invariant_failure,1,133,7,109,241,0.4522821577,0,0.6666666667,0.1666666667,0,0,0,1,0,0,8482,1870,5,1,0,0
stateful_task,continuous_control,9277,320,80,112,1,112,required_state_loss,1,144,32,30,241,0.1244813278,0,0.4166666667,0.0,0,0,0,0,0,0,0,0,0,0,0,0
stateful_task,empty_reset,9277,320,80,80,1,80,configuration_error|required_state_loss,1,208,128,0,241,0.0,11,0.4166666667,0.0,0,0,0,0,0,0,45,17,0,1,0,0
stateful_task,full_history_handoff,9277,320,80,112,1,112,required_state_loss,1,144,32,30,241,0.1244813278,0,0.4166666667,0.0,0,0,0,0,0,0,19863,4358,0,1,0,0
stateful_task,unsigned_minimal_handoff,9277,320,80,176,1,176,required_state_loss,1,192,16,96,241,0.398340249,0,0.4166666667,0.0,0,0,0,0,0,0,2199,601,0,1,0,0
stateful_task,olp_handoff,9277,320,80,176,1,176,required_state_loss,1,192,16,96,241,0.398340249,0,0.4166666667,0.0,0,0,0,0,0,0,8482,1833,5,1,0,0
stateful_task,continuous_control,9278,320,80,112,1,112,required_state_loss,1,144,32,24,241,0.0995850622,0,0.75,0.1666666667,0,0,1,0,0,0,0,0,0,0,0,0
stateful_task,empty_reset,9278,320,80,80,1,80,configuration_error|required_state_loss,1,304,224,0,241,0.0,11,0.5833333333,0.0,0,0,0,0,0,0,45,17,0,1,0,0
stateful_task,full_history_handoff,9278,320,80,112,1,112,required_state_loss,1,144,32,24,241,0.0995850622,0,0.75,0.1666666667,0,0,1,0,0,0,19859,4351,0,1,0,0
stateful_task,unsigned_minimal_handoff,9278,320,80,192,1,192,required_state_loss,1,208,16,104,241,0.4315352697,0,0.6666666667,0.1666666667,1,0,0,0,0,0,2193,597,0,1,0,0
stateful_task,olp_handoff,9278,320,80,192,1,192,required_state_loss,1,208,16,104,241,0.4315352697,0,0.6666666667,0.1666666667,1,0,0,0,0,0,8476,1849,5,1,0,0
stateful_task,continuous_control,9279,320,80,96,1,96,required_state_loss,1,112,16,15,241,0.0622406639,0,0.5833333333,0.1666666667,0,0,0,0,0,1,0,0,0,0,0,0
stateful_task,empty_reset,9279,320,80,80,1,80,configuration_error|required_state_loss,1,272,192,0,241,0.0,11,0.75,0.3333333333,1,0,1,0,0,0,45,17,0,1,0,0
stateful_task,full_history_handoff,9279,320,80,96,1,96,required_state_loss,1,112,16,15,241,0.0622406639,0,0.5833333333,0.1666666667,0,0,0,0,0,1,19877,4353,0,1,0,0
stateful_task,unsigned_minimal_handoff,9279,320,80,176,1,176,required_state_loss,1,192,16,96,241,0.398340249,0,0.6666666667,0.1666666667,0,0,1,0,0,0,2195,597,0,1,0,0
stateful_task,olp_handoff,9279,320,80,176,1,176,required_state_loss,1,192,16,96,241,0.398340249,0,0.6666666667,0.1666666667,0,0,1,0,0,0,8478,1851,5,1,0,0
stateful_task,continuous_control,9280,320,80,124,1,124,invariant_failure,0,0,0,35,241,0.1452282158,0,0.8333333333,0.0,0,0,0,0,0,0,0,0,0,0,0,0
stateful_task,empty_reset,9280,320,80,80,1,80,configuration_error|required_state_loss,0,0,0,0,241,0.0,11,0.8333333333,0.0,0,0,0,0,0,0,45,17,0,1,0,0
stateful_task,full_history_handoff,9280,320,80,124,1,124,invariant_failure,0,0,0,35,241,0.1452282158,0,0.8333333333,0.0,0,0,0,0,0,0,19872,4356,0,1,0,0
stateful_task,unsigned_minimal_handoff,9280,320,80,124,1,124,invariant_failure,0,0,0,100,241,0.4149377593,0,0.8333333333,0.0,0,0,0,0,0,0,2199,599,0,1,0,0
stateful_task,olp_handoff,9280,320,80,124,1,124,invariant_failure,0,0,0,100,241,0.4149377593,0,0.8333333333,0.0,0,0,0,0,0,0,8482,1818,5,1,0,0
stateful_task,continuous_control,9281,320,80,128,1,128,required_state_loss,1,144,16,34,241,0.1410788382,0,0.5,0.0,0,0,0,0,0,0,0,0,0,0,0,0
stateful_task,empty_reset,9281,320,80,80,1,80,configuration_error|required_state_loss,1,288,208,0,241,0.0,11,0.5833333333,0.0,0,0,0,0,0,0,45,17,0,1,0,0
stateful_task,full_history_handoff,9281,320,80,128,1,128,required_state_loss,1,144,16,34,241,0.1410788382,0,0.5,0.0,0,0,0,0,0,0,19860,4354,0,1,0,0
stateful_task,unsigned_minimal_handoff,9281,320,80,176,1,176,required_state_loss,1,192,16,90,241,0.3734439834,0,0.8333333333,0.1666666667,1,0,0,0,0,0,2197,599,0,1,0,0
stateful_task,olp_handoff,9281,320,80,176,1,176,required_state_loss,1,192,16,90,241,0.3734439834,0,0.8333333333,0.1666666667,1,0,0,0,0,0,8480,1849,5,1,0,0
stateful_task,continuous_control,9282,320,80,96,1,96,required_state_loss,1,112,16,3,241,0.0124481328,0,0.3333333333,0.0,0,0,0,0,0,0,0,0,0,0,0,0
stateful_task,empty_reset,9282,320,80,80,1,80,configuration_error|required_state_loss,1,240,160,0,241,0.0,11,0.3333333333,0.1666666667,0,0,0,0,1,0,45,17,0,1,0,0
stateful_task,full_history_handoff,9282,320,80,96,1,96,required_state_loss,1,112,16,3,241,0.0124481328,0,0.3333333333,0.0,0,0,0,0,0,0,19875,4358,0,1,0,0
stateful_task,unsigned_minimal_handoff,9282,320,80,192,1,192,required_state_loss,1,208,16,105,241,0.4356846473,0,0.3333333333,0.0,0,0,0,0,0,0,2201,599,0,1,0,0
stateful_task,olp_handoff,9282,320,80,192,1,192,required_state_loss,1,208,16,105,241,0.4356846473,0,0.3333333333,0.0,0,0,0,0,0,0,8484,1839,5,1,0,0
stateful_task,continuous_control,9283,320,80,96,1,96,required_state_loss,1,112,16,5,241,0.020746888,0,0.5,0.0,0,0,0,0,0,0,0,0,0,0,0,0
stateful_task,empty_reset,9283,320,80,80,1,80,configuration_error|required_state_loss,1,256,176,0,241,0.0,11,0.4166666667,0.0,0,0,0,0,0,0,45,17,0,1,0,0
stateful_task,full_history_handoff,9283,320,80,96,1,96,required_state_loss,1,112,16,5,241,0.020746888,0,0.5,0.0,0,0,0,0,0,0,19876,4352,0,1,0,0
stateful_task,unsigned_minimal_handoff,9283,320,80,192,1,192,required_state_loss,1,208,16,105,241,0.4356846473,0,0.5,0.0,0,0,0,0,0,0,2195,597,0,1,0,0
stateful_task,olp_handoff,9283,320,80,192,1,192,required_state_loss,1,208,16,105,241,0.4356846473,0,0.5,0.0,0,0,0,0,0,0,8478,1809,5,1,0,0
stateful_task,continuous_control,9284,320,80,96,1,96,required_state_loss,1,112,16,13,241,0.0539419087,0,0.5833333333,0.1666666667,0,0,0,1,0,0,0,0,0,0,0,0
stateful_task,empty_reset,9284,320,80,80,1,80,configuration_error|required_state_loss,1,240,160,0,241,0.0,11,0.4166666667,0.0,0,0,0,0,0,0,45,17,0,1,0,0
stateful_task,full_history_handoff,9284,320,80,96,1,96,required_state_loss,1,112,16,13,241,0.0539419087,0,0.5833333333,0.1666666667,0,0,0,1,0,0,19875,4359,0,1,0,0
stateful_task,unsigned_minimal_handoff,9284,320,80,160,1,160,required_state_loss,1,176,16,78,241,0.3236514523,0,0.4166666667,0.0,0,0,0,0,0,0,2199,601,0,1,0,0
stateful_task,olp_handoff,9284,320,80,160,1,160,required_state_loss,1,176,16,78,241,0.3236514523,0,0.4166666667,0.0,0,0,0,0,0,0,8482,1815,5,1,0,0
stateful_task,continuous_control,9285,320,80,112,1,112,required_state_loss,1,128,16,20,241,0.0829875519,0,0.5833333333,0.0,0,0,0,0,0,0,0,0,0,0,0,0
stateful_task,empty_reset,9285,320,80,80,1,80,configuration_error|required_state_loss,1,288,208,0,241,0.0,11,0.5833333333,0.1666666667,0,0,0,1,0,0,45,17,0,1,0,0
stateful_task,full_history_handoff,9285,320,80,112,1,112,required_state_loss,1,128,16,20,241,0.0829875519,0,0.5833333333,0.0,0,0,0,0,0,0,19873,4358,0,1,0,0
stateful_task,unsigned_minimal_handoff,9285,320,80,160,1,160,required_state_loss,1,176,16,78,241,0.3236514523,0,0.5833333333,0.0,0,0,0,0,0,0,2199,601,0,1,0,0
stateful_task,olp_handoff,9285,320,80,160,1,160,required_state_loss,1,176,16,78,241,0.3236514523,0,0.5833333333,0.0,0,0,0,0,0,0,8482,1833,5,1,0,0
stateful_task,continuous_control,9286,320,80,80,1,80,invariant_failure,1,122,42,27,241,0.112033195,0,0.6666666667,0.3333333333,1,0,0,0,1,0,0,0,0,0,0,0
stateful_task,empty_reset,9286,320,80,80,1,80,configuration_error|required_state_loss,0,0,0,0,241,0.0,11,0.6666666667,0.1666666667,1,0,0,0,0,0,45,17,0,1,0,0
stateful_task,full_history_handoff,9286,320,80,80,1,80,invariant_failure,1,122,42,27,241,0.112033195,0,0.6666666667,0.3333333333,1,0,0,0,1,0,19886,4363,0,1,0,0
stateful_task,unsigned_minimal_handoff,9286,320,80,80,1,80,invariant_failure,1,122,42,83,241,0.3443983402,0,0.6666666667,0.1666666667,1,0,0,0,0,0,2201,599,0,1,0,0
stateful_task,olp_handoff,9286,320,80,80,1,80,invariant_failure,1,122,42,83,241,0.3443983402,0,0.6666666667,0.1666666667,1,0,0,0,0,0,8484,1831,5,1,0,0
stateful_task,continuous_control,9287,320,80,112,1,112,required_state_loss,1,128,16,21,241,0.0871369295,0,0.4166666667,0.0,0,0,0,0,0,0,0,0,0,0,0,0
stateful_task,empty_reset,9287,320,80,80,1,80,configuration_error|required_state_loss,1,240,160,0,241,0.0,11,0.3333333333,0.1666666667,0,0,0,1,0,0,45,17,0,1,0,0
stateful_task,full_history_handoff,9287,320,80,112,1,112,required_state_loss,1,128,16,21,241,0.0871369295,0,0.4166666667,0.0,0,0,0,0,0,0,19868,4353,0,1,0,0
stateful_task,unsigned_minimal_handoff,9287,320,80,160,1,160,required_state_loss,1,176,16,74,241,0.3070539419,0,0.3333333333,0.0,0,0,0,0,0,0,2197,597,0,1,0,0
stateful_task,olp_handoff,9287,320,80,160,1,160,required_state_loss,1,176,16,74,241,0.3070539419,0,0.3333333333,0.0,0,0,0,0,0,0,8480,1849,5,1,0,0
stateful_task,continuous_control,9288,320,80,81,1,81,invariant_failure,1,106,25,34,241,0.1410788382,0,0.6666666667,0.0,0,0,0,0,0,0,0,0,0,0,0,0
stateful_task,empty_reset,9288,320,80,80,1,80,configuration_error|required_state_loss,1,256,176,0,241,0.0,11,0.6666666667,0.0,0,0,0,0,0,0,45,17,0,1,0,0
stateful_task,full_history_handoff,9288,320,80,81,1,81,invariant_failure,1,106,25,34,241,0.1410788382,0,0.6666666667,0.0,0,0,0,0,0,0,19871,4355,0,1,0,0
stateful_task,unsigned_minimal_handoff,9288,320,80,81,1,81,invariant_failure,1,106,25,104,241,0.4315352697,0,0.6666666667,0.0,0,0,0,0,0,0,2197,597,0,1,0,0
stateful_task,olp_handoff,9288,320,80,81,1,81,invariant_failure,1,106,25,104,241,0.4315352697,0,0.6666666667,0.0,0,0,0,0,0,0,8480,1819,5,1,0,0
stateful_task,continuous_control,9289,320,80,96,1,96,required_state_loss,1,112,16,13,241,0.0539419087,0,0.1666666667,0.0,0,0,0,0,0,0,0,0,0,0,0,0
stateful_task,empty_reset,9289,320,80,80,1,80,configuration_error|required_state_loss,1,208,128,0,241,0.0,11,0.5833333333,0.1666666667,1,0,0,0,0,0,45,17,0,1,0,0
stateful_task,full_history_handoff,9289,320,80,96,1,96,required_state_loss,1,112,16,13,241,0.0539419087,0,0.1666666667,0.0,0,0,0,0,0,0,19861,4356,0,1,0,0
stateful_task,unsigned_minimal_handoff,9289,320,80,192,1,192,required_state_loss,0,0,0,98,241,0.4066390041,0,0.3333333333,0.1666666667,1,0,0,0,0,0,2203,603,0,1,0,0
stateful_task,olp_handoff,9289,320,80,192,1,192,required_state_loss,0,0,0,98,241,0.4066390041,0,0.3333333333,0.1666666667,1,0,0,0,0,0,8486,1842,5,1,0,0
stateful_task,continuous_control,9290,320,80,96,1,96,required_state_loss,1,112,16,4,241,0.0165975104,0,0.1666666667,0.1666666667,0,1,0,0,0,0,0,0,0,0,0,0
stateful_task,empty_reset,9290,320,80,80,1,80,configuration_error|required_state_loss,1,240,160,0,241,0.0,11,0.4166666667,0.1666666667,0,0,0,0,1,0,45,17,0,1,0,0
stateful_task,full_history_handoff,9290,320,80,96,1,96,required_state_loss,1,112,16,4,241,0.0165975104,0,0.1666666667,0.1666666667,0,1,0,0,0,0,19875,4348,0,1,0,0
stateful_task,unsigned_minimal_handoff,9290,320,80,160,1,160,required_state_loss,1,176,16,69,241,0.2863070539,0,0.4166666667,0.1666666667,0,0,0,0,1,0,2193,595,0,1,0,0
stateful_task,olp_handoff,9290,320,80,160,1,160,required_state_loss,1,176,16,69,241,0.2863070539,0,0.4166666667,0.1666666667,0,0,0,0,1,0,8476,1833,5,1,0,0
stateful_task,continuous_control,9291,320,80,96,1,96,required_state_loss,1,112,16,11,241,0.0456431535,0,0.25,0.0,0,0,0,0,0,0,0,0,0,0,0,0
stateful_task,empty_reset,9291,320,80,80,1,80,configuration_error|required_state_loss,1,304,224,0,241,0.0,11,0.5833333333,0.0,0,0,0,0,0,0,45,17,0,1,0,0
stateful_task,full_history_handoff,9291,320,80,96,1,96,required_state_loss,1,112,16,11,241,0.0456431535,0,0.25,0.0,0,0,0,0,0,0,19878,4361,0,1,0,0
stateful_task,unsigned_minimal_handoff,9291,320,80,127,1,127,invariant_failure,1,319,192,68,241,0.2821576763,0,0.6666666667,0.0,0,0,0,0,0,0,2205,601,0,1,0,0
stateful_task,olp_handoff,9291,320,80,127,1,127,invariant_failure,1,319,192,68,241,0.2821576763,0,0.6666666667,0.0,0,0,0,0,0,0,8488,1875,5,1,0,0
stateful_task,continuous_control,9292,320,80,96,1,96,required_state_loss,1,112,16,6,241,0.0248962656,0,0.25,0.1666666667,0,1,0,0,0,0,0,0,0,0,0,0
stateful_task,empty_reset,9292,320,80,80,1,80,configuration_error|required_state_loss,1,224,144,0,241,0.0,11,0.1666666667,0.0,0,0,0,0,0,0,45,17,0,1,0,0
stateful_task,full_history_handoff,9292,320,80,96,1,96,required_state_loss,1,112,16,6,241,0.0248962656,0,0.25,0.1666666667,0,1,0,0,0,0,19877,4362,0,1,0,0
stateful_task,unsigned_minimal_handoff,9292,320,80,160,1,160,required_state_loss,1,176,16,72,241,0.2987551867,0,0.1666666667,0.0,0,0,0,0,0,0,2201,603,0,1,0,0
stateful_task,olp_handoff,9292,320,80,160,1,160,required_state_loss,1,176,16,72,241,0.2987551867,0,0.1666666667,0.0,0,0,0,0,0,0,8484,1861,5,1,0,0
stateful_task,continuous_control,9293,320,80,96,1,96,configuration_error|required_state_loss,1,128,32,6,241,0.0248962656,0,0.3333333333,0.0,0,0,0,0,0,0,0,0,0,0,0,0
stateful_task,empty_reset,9293,320,80,80,1,80,configuration_error|required_state_loss,1,256,176,0,241,0.0,11,0.5,0.0,0,0,0,0,0,0,45,17,0,1,0,0
stateful_task,full_history_handoff,9293,320,80,96,1,96,configuration_error|required_state_loss,1,128,32,6,241,0.0248962656,0,0.3333333333,0.0,0,0,0,0,0,0,19888,4370,0,1,0,0
stateful_task,unsigned_minimal_handoff,9293,320,80,112,1,112,invariant_failure,0,0,0,98,241,0.4066390041,0,0.5,0.0,0,0,0,0,0,0,2205,603,0,1,0,0
stateful_task,olp_handoff,9293,320,80,112,1,112,invariant_failure,0,0,0,98,241,0.4066390041,0,0.5,0.0,0,0,0,0,0,0,8488,1839,5,1,0,0
stateful_task,continuous_control,9294,320,80,100,1,100,invariant_failure,0,0,0,23,241,0.0954356846,0,0.4166666667,0.0,0,0,0,0,0,0,0,0,0,0,0,0
stateful_task,empty_reset,9294,320,80,80,1,80,configuration_error|required_state_loss,1,240,160,0,241,0.0,11,0.4166666667,0.1666666667,1,0,0,0,0,0,45,17,0,1,0,0
stateful_task,full_history_handoff,9294,320,80,100,1,100,invariant_failure,0,0,0,23,241,0.0954356846,0,0.4166666667,0.0,0,0,0,0,0,0,19882,4360,0,1,0,0
stateful_task,unsigned_minimal_handoff,9294,320,80,100,1,100,invariant_failure,0,0,0,77,241,0.3195020747,0,0.4166666667,0.1666666667,1,0,0,0,0,0,2203,603,0,1,0,0
stateful_task,olp_handoff,9294,320,80,100,1,100,invariant_failure,0,0,0,77,241,0.3195020747,0,0.4166666667,0.1666666667,1,0,0,0,0,0,8486,1837,5,1,0,0
stateful_task,continuous_control,9295,320,80,128,1,128,configuration_error|required_state_loss,1,144,16,36,241,0.1493775934,0,0.5,0.0,0,0,0,0,0,0,0,0,0,0,0,0
stateful_task,empty_reset,9295,320,80,80,1,80,configuration_error|required_state_loss,1,256,176,0,241,0.0,11,0.6666666667,0.3333333333,1,1,0,0,0,0,45,17,0,1,0,0
stateful_task,full_history_handoff,9295,320,80,128,1,128,configuration_error|required_state_loss,1,144,16,36,241,0.1493775934,0,0.5,0.0,0,0,0,0,0,0,19881,4360,0,1,0,0
stateful_task,unsigned_minimal_handoff,9295,320,80,176,1,176,required_state_loss,1,192,16,89,241,0.3692946058,0,0.6666666667,0.3333333333,0,1,0,1,0,0,2205,603,0,1,0,0
stateful_task,olp_handoff,9295,320,80,176,1,176,required_state_loss,1,192,16,89,241,0.3692946058,0,0.6666666667,0.3333333333,0,1,0,1,0,0,8488,1819,5,1,0,0
stateful_task,continuous_control,9296,320,80,96,1,96,required_state_loss,1,112,16,10,241,0.0414937759,0,0.5,0.1666666667,0,0,1,0,0,0,0,0,0,0,0,0
stateful_task,empty_reset,9296,320,80,80,1,80,configuration_error|required_state_loss,1,240,160,0,241,0.0,11,0.4166666667,0.0,0,0,0,0,0,0,45,17,0,1,0,0
stateful_task,full_history_handoff,9296,320,80,96,1,96,required_state_loss,1,112,16,10,241,0.0414937759,0,0.5,0.1666666667,0,0,1,0,0,0,19885,4358,0,1,0,0
stateful_task,unsigned_minimal_handoff,9296,320,80,208,1,208,required_state_loss,1,224,16,119,241,0.4937759336,0,0.4166666667,0.0,0,0,0,0,0,0,2203,599,0,1,0,0
stateful_task,olp_handoff,9296,320,80,208,1,208,required_state_loss,1,224,16,119,241,0.4937759336,0,0.4166666667,0.0,0,0,0,0,0,0,8486,1851,5,1,0,0
stateful_task,continuous_control,9297,320,80,96,1,96,required_state_loss,1,128,32,9,241,0.0373443983,0,0.5,0.1666666667,0,0,0,0,1,0,0,0,0,0,0,0
stateful_task,empty_reset,9297,320,80,80,1,80,configuration_error|required_state_loss,1,192,112,0,241,0.0,11,0.6666666667,0.0,0,0,0,0,0,0,45,17,0,1,0,0
stateful_task,full_history_handoff,9297,320,80,96,1,96,required_state_loss,1,128,32,9,241,0.0373443983,0,0.5,0.1666666667,0,0,0,0,1,0,19857,4348,0,1,0,0
stateful_task,unsigned_minimal_handoff,9297,320,80,176,1,176,required_state_loss,0,0,0,89,241,0.3692946058,0,0.6666666667,0.0,0,0,0,0,0,0,2195,595,0,1,0,0
stateful_task,olp_handoff,9297,320,80,176,1,176,required_state_loss,0,0,0,89,241,0.3692946058,0,0.6666666667,0.0,0,0,0,0,0,0,8478,1831,5,1,0,0
stateful_task,continuous_control,9298,320,80,96,1,96,configuration_error|required_state_loss,1,112,16,3,241,0.0124481328,0,0.3333333333,0.0,0,0,0,0,0,0,0,0,0,0,0,0
stateful_task,empty_reset,9298,320,80,80,1,80,configuration_error|required_state_loss,1,224,144,0,241,0.0,11,0.5,0.1666666667,0,1,0,0,0,0,45,17,0,1,0,0
stateful_task,full_history_handoff,9298,320,80,96,1,96,configuration_error|required_state_loss,1,112,16,3,241,0.0124481328,0,0.3333333333,0.0,0,0,0,0,0,0,19900,4366,0,1,0,0
stateful_task,unsigned_minimal_handoff,9298,320,80,176,1,176,required_state_loss,1,192,16,88,241,0.3651452282,0,0.6666666667,0.3333333333,0,0,0,1,0,1,2203,603,0,1,0,0
stateful_task,olp_handoff,9298,320,80,176,1,176,required_state_loss,1,192,16,88,241,0.3651452282,0,0.6666666667,0.3333333333,0,0,0,1,0,1,8486,1835,5,1,0,0
stateful_task,continuous_control,9299,320,80,112,1,112,configuration_error|required_state_loss,1,144,32,21,241,0.0871369295,0,0.4166666667,0.0,0,0,0,0,0,0,0,0,0,0,0,0
stateful_task,empty_reset,9299,320,80,80,1,80,configuration_error|required_state_loss,1,192,112,0,241,0.0,11,0.4166666667,0.0,0,0,0,0,0,0,45,17,0,1,0,0
stateful_task,full_history_handoff,9299,320,80,112,1,112,configuration_error|required_state_loss,1,144,32,21,241,0.0871369295,0,0.4166666667,0.0,0,0,0,0,0,0,19861,4356,0,1,0,0
stateful_task,unsigned_minimal_handoff,9299,320,80,176,1,176,required_state_loss,0,0,0,85,241,0.3526970954,0,0.4166666667,0.0,0,0,0,0,0,0,2197,599,0,1,0,0
stateful_task,olp_handoff,9299,320,80,176,1,176,required_state_loss,0,0,0,85,241,0.3526970954,0,0.4166666667,0.0,0,0,0,0,0,0,8480,1833,5,1,0,0
stateful_task,continuous_control,9300,320,80,144,1,144,required_state_loss,1,160,16,52,241,0.2157676349,0,0.3333333333,0.0,0,0,0,0,0,0,0,0,0,0,0,0
stateful_task,empty_reset,9300,320,80,80,1,80,configuration_error|required_state_loss,1,224,144,0,241,0.0,11,0.3333333333,0.0,0,0,0,0,0,0,45,17,0,1,0,0
stateful_task,full_history_handoff,9300,320,80,144,1,144,required_state_loss,1,160,16,52,241,0.2157676349,0,0.3333333333,0.0,0,0,0,0,0,0,19876,4353,0,1,0,0
stateful_task,unsigned_minimal_handoff,9300,320,80,160,1,160,required_state_loss,1,176,16,74,241,0.3070539419,0,0.5833333333,0.3333333333,1,0,0,1,0,0,2197,599,0,1,0,0
stateful_task,olp_handoff,9300,320,80,160,1,160,required_state_loss,1,176,16,74,241,0.3070539419,0,0.5833333333,0.3333333333,1,0,0,1,0,0,8480,1838,5,1,0,0
stateful_task,continuous_control,9301,320,80,112,1,112,required_state_loss,1,128,16,17,241,0.0705394191,0,0.3333333333,0.0,0,0,0,0,0,0,0,0,0,0,0,0
stateful_task,empty_reset,9301,320,80,80,1,80,configuration_error|required_state_loss,1,208,128,0,241,0.0,11,0.3333333333,0.0,0,0,0,0,0,0,45,17,0,1,0,0
stateful_task,full_history_handoff,9301,320,80,112,1,112,required_state_loss,1,128,16,17,241,0.0705394191,0,0.3333333333,0.0,0,0,0,0,0,0,19867,4357,0,1,0,0
stateful_task,unsigned_minimal_handoff,9301,320,80,192,1,192,required_state_loss,1,240,48,104,241,0.4315352697,0,0.3333333333,0.0,0,0,0,0,0,0,2201,603,0,1,0,0
stateful_task,olp_handoff,9301,320,80,192,1,192,required_state_loss,1,240,48,104,241,0.4315352697,0,0.3333333333,0.0,0,0,0,0,0,0,8484,1823,5,1,0,0
stateful_task,continuous_control,9302,320,80,80,1,80,invariant_failure,1,205,125,3,241,0.0124481328,0,0.6666666667,0.1666666667,1,0,0,0,0,0,0,0,0,0,0,0
stateful_task,empty_reset,9302,320,80,80,1,80,configuration_error|required_state_loss,0,0,0,0,241,0.0,11,0.75,0.0,0,0,0,0,0,0,45,17,0,1,0,0
stateful_task,full_history_handoff,9302,320,80,80,1,80,invariant_failure,1,205,125,3,241,0.0124481328,0,0.6666666667,0.1666666667,1,0,0,0,0,0,19883,4362,0,1,0,0
stateful_task,unsigned_minimal_handoff,9302,320,80,80,1,80,invariant_failure,1,205,125,74,241,0.3070539419,0,0.75,0.0,0,0,0,0,0,0,2201,603,0,1,0,0
stateful_task,olp_handoff,9302,320,80,80,1,80,invariant_failure,1,205,125,74,241,0.3070539419,0,0.75,0.0,0,0,0,0,0,0,8484,1851,5,1,0,0
stateful_task,continuous_control,9303,320,80,112,1,112,required_state_loss,0,0,0,26,241,0.1078838174,0,0.3333333333,0.0,0,0,0,0,0,0,0,0,0,0,0,0
stateful_task,empty_reset,9303,320,80,80,1,80,configuration_error|required_state_loss,1,208,128,0,241,0.0,11,0.5,0.1666666667,1,0,0,0,0,0,45,17,0,1,0,0
stateful_task,full_history_handoff,9303,320,80,112,1,112,required_state_loss,0,0,0,26,241,0.1078838174,0,0.3333333333,0.0,0,0,0,0,0,0,19872,4355,0,1,0,0
stateful_task,unsigned_minimal_handoff,9303,320,80,160,1,160,required_state_loss,1,176,16,73,241,0.3029045643,0,0.6666666667,0.3333333333,1,0,1,0,0,0,2197,599,0,1,0,0
stateful_task,olp_handoff,9303,320,80,160,1,160,required_state_loss,1,176,16,73,241,0.3029045643,0,0.6666666667,0.3333333333,1,0,1,0,0,0,8480,1853,5,1,0,0
stateful_task,continuous_control,9304,320,80,144,1,144,required_state_loss,1,240,96,49,241,0.2033195021,0,0.3333333333,0.0,0,0,0,0,0,0,0,0,0,0,0,0
stateful_task,empty_reset,9304,320,80,80,1,80,configuration_error|required_state_loss,1,224,144,0,241,0.0,11,0.3333333333,0.0,0,0,0,0,0,0,45,17,0,1,0,0
stateful_task,full_history_handoff,9304,320,80,144,1,144,required_state_loss,1,240,96,49,241,0.2033195021,0,0.3333333333,0.0,0,0,0,0,0,0,19870,4352,0,1,0,0
stateful_task,unsigned_minimal_handoff,9304,320,80,160,1,160,required_state_loss,1,176,16,80,241,0.3319502075,0,0.3333333333,0.0,0,0,0,0,0,0,2199,599,0,1,0,0
stateful_task,olp_handoff,9304,320,80,160,1,160,required_state_loss,1,176,16,80,241,0.3319502075,0,0.3333333333,0.0,0,0,0,0,0,0,8482,1851,5,1,0,0
